lane,state_pool,operator_pool,scratch_pool,staging_pool,maximum_normalized_violation
0,4.0,3.000000238418579,2.000000238418579,1.0000003576278687,4.172325134277344e-07
1,3.9708664417266846,2.8956832885742188,2.1334500312805176,1.0,0.0
2,3.86696457862854,2.917238235473633,2.0604348182678223,1.1553618907928467,0.0
3,4.109476089477539,3.053497552871704,1.8370267152786255,1.0,1.7881393432617188e-07
4,3.8597874641418457,3.0205533504486084,2.0693037509918213,1.050355315208435,0.0
5,4.101936340332031,2.9115116596221924,1.986552357673645,1.0,1.7881393432617188e-07
6,4.050921440124512,3.1091551780700684,1.8399235010147095,1.0,5.960464477539063e-08
7,3.8456244468688965,2.869844913482666,2.1022846698760986,1.182246446609497,2.384185791015625e-07
8,3.9715354442596436,3.0996029376983643,1.9288619756698608,1.0,1.7881393432617188e-07
9,4.053633213043213,2.7717881202697754,2.061802864074707,1.112776279449463,2.384185791015625e-07
10,4.032100200653076,2.966190814971924,1.8545453548431396,1.1471638679504395,1.1920928955078125e-07
11,4.101429462432861,2.8802895545959473,2.0182814598083496,1.0,2.384185791015625e-07
12,4.0269880294799805,3.0185375213623047,1.918076992034912,1.0363976955413818,1.1920928955078125e-07
13,4.0043864250183105,3.136206865310669,1.8571165800094604,1.0022902488708496,5.960464477539063e-08
14,4.011682033538818,3.1210508346557617,1.8672674894332886,1.0,1.7881393432617188e-07
15,3.9300754070281982,3.005481243133545,1.8689953088760376,1.195447564125061,0.0
16,4.045681953430176,2.9442667961120605,2.010051727294922,1.0,2.384185791015625e-07
17,3.9871315956115723,2.9807918071746826,2.032076358795166,1.0,0.0
18,4.068591594696045,3.0595703125,1.8690942525863647,1.0027437210083008,0.0
19,3.984011173248291,3.029693365097046,1.986295461654663,1.0,0.0
20,4.055079460144043,3.078737735748291,1.8661831617355347,1.0,1.7881393432617188e-07
21,3.7876698970794678,3.1249115467071533,1.9978580474853516,1.089560627937317,5.960464477539063e-08
22,4.0775227546691895,3.0957164764404297,1.8267608880996704,1.0,5.960464477539063e-08
23,4.073509216308594,2.9815354347229004,1.9449553489685059,1.0,0.0
24,3.8663272857666016,3.0980119705200195,2.035661220550537,1.0,2.384185791015625e-07
25,3.849856376647949,3.1015372276306152,2.0486063957214355,1.0,0.0
26,3.8616557121276855,3.1578519344329834,1.9804927110671997,1.0,1.7881393432617188e-07
27,3.9290904998779297,2.9880175590515137,2.082892417907715,1.0,2.384185791015625e-07
28,3.8561034202575684,3.007324695587158,2.1365723609924316,1.0,2.384185791015625e-07
29,4.02876091003418,2.8996756076812744,2.056704044342041,1.0148597955703735,1.7881393432617188e-07
30,3.9347634315490723,3.0826916694641113,1.9786512851715088,1.0038940906524658,2.384185791015625e-07
31,3.9214584827423096,3.1562623977661133,1.788413405418396,1.1338657140731812,0.0
32,3.8501136302948,2.9723408222198486,2.084181070327759,1.093364953994751,2.384185791015625e-07
33,4.014560699462891,2.9926235675811768,1.9928159713745117,1.0,1.1920928955078125e-07
34,3.8833260536193848,3.121647357940674,1.9805254936218262,1.0145015716552734,2.384185791015625e-07
35,3.780120611190796,3.0922510623931885,2.1276283264160156,1.0,0.0
36,4.044111728668213,2.8600220680236816,2.0958664417266846,1.0,1.1920928955078125e-07
37,3.859478712081909,2.837200880050659,2.1466784477233887,1.156642198562622,1.1920928955078125e-07
38,4.01801872253418,3.0769758224487305,1.8992102146148682,1.005795955657959,3.5762786865234375e-07
39,3.9596405029296875,3.165679931640625,1.8626198768615723,1.0120606422424316,4.76837158203125e-07
40,3.798466682434082,3.0798239707946777,2.1217098236083984,1.0,2.384185791015625e-07
41,4.135336399078369,2.946320056915283,1.9183440208435059,1.0,2.384185791015625e-07
42,3.869481086730957,3.0822677612304688,1.9247019290924072,1.1235491037368774,0.0
43,3.916438341140747,3.1732337474823,1.9103279113769531,1.0,0.0
44,4.009507179260254,2.8712329864501953,2.0413057804107666,1.077953815460205,0.0
45,3.9591658115386963,3.039398431777954,1.9508167505264282,1.0506190061569214,0.0
46,3.9113898277282715,2.9401464462280273,2.1484639644622803,1.0,1.1920928955078125e-07
47,4.026320457458496,2.956005573272705,2.017674446105957,1.0,2.384185791015625e-07
48,4.085916042327881,2.800819158554077,2.0670011043548584,1.0462638139724731,5.960464477539063e-08
49,4.126246929168701,3.043539047241211,1.8302143812179565,1.0,1.7881393432617188e-07
50,4.076168060302734,3.1149678230285645,1.8088641166687012,1.0,0.0
51,3.8637795448303223,3.0834076404571533,2.0528130531311035,1.0,1.1920928955078125e-07
52,4.081701278686523,2.8857381343841553,2.021003007888794,1.011557698249817,5.960464477539063e-08
53,3.8788092136383057,2.8913609981536865,2.1489412784576416,1.080888271331787,0.0
54,4.025358200073242,3.147657871246338,1.82698392868042,1.0,0.0
55,4.077188491821289,3.0355284214019775,1.8872836828231812,1.0,2.980232238769531e-07
56,4.142223834991455,2.9526772499084473,1.8667548894882202,1.038343906402588,0.0
57,4.007718563079834,3.0350117683410645,1.9572699069976807,1.0,1.1920928955078125e-07
58,3.9582061767578125,2.9956912994384766,1.9492706060409546,1.096832513809204,2.980232238769531e-07
59,4.140894889831543,2.8686742782592773,1.8991620540618896,1.0912690162658691,1.1920928955078125e-07
60,4.12139892578125,2.8670194149017334,2.0115818977355957,1.0,1.1920928955078125e-07
61,3.9667160511016846,2.9392812252044678,2.0940029621124268,1.0,1.1920928955078125e-07
62,4.071403503417969,2.8171122074127197,2.111485004425049,1.0,3.5762786865234375e-07
63,3.9626946449279785,2.906116247177124,1.9956680536270142,1.1355211734771729,5.960464477539063e-08
64,4.1529316902160645,2.9155335426330566,1.9011787176132202,1.0303559303283691,0.0
65,3.91715931892395,3.0280301570892334,1.983412742614746,1.071397304534912,0.0
66,3.8514485359191895,3.026280403137207,2.1222710609436035,1.0,0.0
67,4.040572166442871,2.8867669105529785,2.0726611614227295,1.0,1.1920928955078125e-07
68,3.9883646965026855,2.906182050704956,2.1054539680480957,1.0,3.5762786865234375e-07
69,4.0876240730285645,2.8386077880859375,1.9305665493011475,1.1432018280029297,1.1920928955078125e-07
70,3.8690624237060547,3.0187456607818604,2.1121926307678223,1.0,3.5762786865234375e-07
71,4.025582790374756,3.060328960418701,1.8981280326843262,1.0159602165222168,0.0
72,3.833928108215332,2.9773409366607666,2.1307687759399414,1.0579625368118286,1.7881393432617188e-07
73,4.078308582305908,2.949540376663208,1.9639580249786377,1.0081934928894043,2.384185791015625e-07
74,4.14680290222168,2.9220612049102783,1.9311362504959106,1.0,1.7881393432617188e-07
75,3.8539044857025146,2.987036943435669,2.0649945735931396,1.0940635204315186,0.0
76,3.8920435905456543,3.021204710006714,2.070979118347168,1.0157724618911743,0.0
77,4.087254047393799,2.974606513977051,1.938139796257019,1.0,1.7881393432617188e-07
78,3.9602584838867188,2.991198778152466,2.0485424995422363,1.0,0.0
79,3.8390822410583496,3.061704635620117,2.0992133617401123,1.0,1.1920928955078125e-07
80,3.989729881286621,2.9810078144073486,1.9586825370788574,1.0705798864364624,5.960464477539063e-08
81,3.8017022609710693,3.053809404373169,1.9728946685791016,1.1715940237045288,1.7881393432617188e-07
82,3.9609334468841553,3.0772459506988525,1.9618209600448608,1.0,1.7881393432617188e-07
83,4.042657852172852,2.9187512397766113,2.0385913848876953,1.0,2.384185791015625e-07
84,3.912557601928711,3.0303752422332764,1.9688105583190918,1.0882569551467896,1.7881393432617188e-07
85,3.99573016166687,2.977848529815674,2.0166378021240234,1.0097832679748535,0.0
86,3.8707363605499268,3.1423864364624023,1.986877679824829,1.0,2.384185791015625e-07
87,3.8658838272094727,3.099808931350708,1.9783546924591064,1.0559535026550293,4.76837158203125e-07
88,4.005788326263428,3.0669190883636475,1.9272929430007935,1.0,1.7881393432617188e-07
89,3.933009624481201,3.0748672485351562,1.8574556112289429,1.1346677541732788,1.1920928955078125e-07
90,4.1758036613464355,2.873459577560425,1.9507372379302979,1.0,2.384185791015625e-07
91,3.871358871459961,3.0332813262939453,2.0953598022460938,1.0,0.0
92,3.830148696899414,3.0132241249084473,2.0813002586364746,1.0753270387649536,5.960464477539063e-08
93,4.015285968780518,3.0809154510498047,1.828386902809143,1.0754114389419556,0.0
94,3.942221164703369,3.11489200592041,1.8303800821304321,1.1125072240829468,2.384185791015625e-07
95,3.8710718154907227,2.9907948970794678,2.131812572479248,1.0063213109970093,2.980232238769531e-07
96,3.7328805923461914,3.1146302223205566,2.0501465797424316,1.1023428440093994,1.1920928955078125e-07
97,4.036237716674805,3.085362672805786,1.76690673828125,1.1114933490753174,2.384185791015625e-07
98,3.94343638420105,2.9915549755096436,1.869844913482666,1.1951639652252197,1.1920928955078125e-07
99,4.05459451675415,2.9344024658203125,2.0110034942626953,1.0,2.384185791015625e-07
100,4.039833068847656,2.936116933822632,2.024050235748291,1.0,1.1920928955078125e-07
101,3.9470784664154053,2.88917875289917,2.100432872772217,1.0633100271224976,5.960464477539063e-08
102,3.925032138824463,2.9713330268859863,2.016885280609131,1.0867503881454468,4.172325134277344e-07
103,3.9649200439453125,3.090891122817993,1.944189190864563,1.0,1.7881393432617188e-07
104,3.8714983463287354,3.0324785709381104,1.8668262958526611,1.2291970252990723,1.1920928955078125e-07
105,3.932492256164551,3.019714832305908,2.047793388366699,1.0,2.384185791015625e-07
106,4.130394458770752,3.069202423095703,1.8004034757614136,1.0,1.7881393432617188e-07
107,4.002455234527588,3.097169876098633,1.8214595317840576,1.0789151191711426,0.0
108,4.132327079772949,2.974442720413208,1.8932304382324219,1.0,1.1920928955078125e-07
109,3.8290135860443115,3.0005640983581543,2.1704225540161133,1.0,1.1920928955078125e-07
110,4.035700798034668,2.9298033714294434,1.9065711498260498,1.1279253959655762,3.5762786865234375e-07
111,3.98160982131958,3.049154281616211,1.9692360162734985,1.0,5.960464477539063e-08
112,3.99088716506958,2.866037130355835,2.143075704574585,1.0,0.0
113,3.7715747356414795,3.0712101459503174,2.1572153568267822,1.0,1.1920928955078125e-07
114,3.882791042327881,3.0005178451538086,2.0157225131988525,1.1009678840637207,0.0
115,3.973635673522949,2.840485095977783,2.185879707336426,1.0,2.384185791015625e-07
116,4.176696300506592,2.8314356803894043,1.903062105178833,1.0888056755065918,0.0
117,3.893299102783203,3.084517002105713,1.932668685913086,1.0895159244537354,3.5762786865234375e-07
118,3.8785359859466553,3.192047357559204,1.9294166564941406,1.0,0.0
119,3.8189103603363037,2.984273672103882,2.1367998123168945,1.0600165128707886,1.7881393432617188e-07
120,4.077651023864746,2.832948923110962,1.928314208984375,1.161085844039917,0.0
121,3.8397998809814453,3.1735315322875977,1.9866687059402466,1.0,5.960464477539063e-08
122,4.135392665863037,2.9035120010375977,1.9610954523086548,1.0,5.960464477539063e-08
123,4.103363990783691,2.8671514987945557,2.029484987258911,1.0,2.384185791015625e-07
124,4.0188775062561035,3.0177361965179443,1.9633870124816895,1.0,3.5762786865234375e-07
125,3.908313274383545,2.9262938499450684,2.1653928756713867,1.0,0.0
126,4.107593059539795,2.9316446781158447,1.8807883262634277,1.0799736976623535,0.0
127,3.8619065284729004,2.99934458732605,2.03139328956604,1.1073559522628784,1.7881393432617188e-07
128,3.8895010948181152,2.9883534908294678,2.034468173980713,1.0876765251159668,0.0
129,4.040431976318359,2.98781156539917,1.913623571395874,1.0581331253051758,1.1920928955078125e-07
130,3.9090991020202637,2.8275630474090576,2.154961109161377,1.1083767414093018,0.0
131,3.84414005279541,3.1275951862335205,2.0282652378082275,1.0,2.384185791015625e-07
132,3.950960874557495,3.1639115810394287,1.8851276636123657,1.0,5.960464477539063e-08
133,3.9892585277557373,2.9719789028167725,2.0387628078460693,1.0,1.1920928955078125e-07
134,4.192586421966553,2.820361852645874,1.987052083015442,1.0,1.7881393432617188e-07
135,4.0300612449646,2.993196964263916,1.9575825929641724,1.0191597938537598,2.980232238769531e-07
136,3.9278483390808105,3.044602870941162,2.0275492668151855,1.0,2.384185791015625e-07
137,4.134851932525635,2.8115718364715576,2.0514657497406006,1.0021107196807861,1.1920928955078125e-07
138,4.096974849700928,2.85874080657959,2.0442843437194824,1.0,0.0
139,3.9403584003448486,3.090155839920044,1.9214340448379517,1.0480518341064453,5.960464477539063e-08
140,3.9968016147613525,2.9453506469726562,2.0542242527008057,1.0036237239837646,1.1920928955078125e-07
141,3.9058687686920166,3.0874128341674805,2.006718873977661,1.0,2.384185791015625e-07
142,3.943694829940796,2.9807040691375732,1.98893141746521,1.086670160293579,2.384185791015625e-07
143,4.100393772125244,2.957906723022461,1.9416996240615845,1.0,5.960464477539063e-08
144,4.143730163574219,2.918757915496826,1.9375123977661133,1.0,2.384185791015625e-07
145,3.9787795543670654,3.018979549407959,1.904865026473999,1.0973761081695557,1.1920928955078125e-07
146,3.988114595413208,2.9597272872924805,2.0180611610412598,1.0340968370437622,0.0
147,4.126826763153076,2.8618526458740234,1.910857081413269,1.100463628768921,5.960464477539063e-08
148,3.9477999210357666,2.882554292678833,2.0013725757598877,1.1682733297348022,5.960464477539063e-08
149,3.999584197998047,2.9345388412475586,2.0658769607543945,1.0,0.0
150,3.9018192291259766,3.0481667518615723,2.0500144958496094,1.0,2.384185791015625e-07
151,4.004605770111084,2.835886001586914,2.1170222759246826,1.042486548423767,2.980232238769531e-07
152,3.9148826599121094,2.98796010017395,1.9038963317871094,1.193260908126831,0.0
153,3.9742352962493896,2.9813292026519775,2.044435739517212,1.0,1.1920928955078125e-07
154,4.068735122680664,3.0250258445739746,1.90623939037323,1.0,1.7881393432617188e-07
155,4.183760166168213,2.8834476470947266,1.894308090209961,1.0384843349456787,1.1920928955078125e-07
156,4.1028733253479,2.8769590854644775,2.01186203956604,1.0083051919937134,0.0
157,4.055038928985596,2.9078500270843506,1.8607321977615356,1.176378846168518,0.0
158,3.883223056793213,3.0029075145721436,2.1138696670532227,1.0,1.1920928955078125e-07
159,3.9175631999969482,2.997180223464966,2.085256814956665,1.0,1.1920928955078125e-07
160,3.8543078899383545,2.9769251346588135,2.168767213821411,1.0,1.1920928955078125e-07
161,3.9496827125549316,2.9027810096740723,2.116058349609375,1.0314781665802002,1.1920928955078125e-07
162,4.032389163970947,2.956942081451416,1.9026196002960205,1.1080487966537476,0.0
163,3.9122941493988037,3.038905143737793,2.01176118850708,1.0370392799377441,0.0
164,4.151957988739014,2.980076313018799,1.8679660558700562,1.0,1.7881393432617188e-07
165,4.026443958282471,3.053776741027832,1.9197797775268555,1.0,2.384185791015625e-07
166,3.939387083053589,3.054842233657837,2.0057709217071533,1.0,1.1920928955078125e-07
167,3.8891396522521973,3.1706695556640625,1.9401910305023193,1.0,1.1920928955078125e-07
168,4.090806007385254,2.9495439529418945,1.9596501588821411,1.0,5.960464477539063e-08
169,4.1152191162109375,2.812199831008911,2.0725815296173096,1.0,2.384185791015625e-07
170,4.187051773071289,2.919109582901001,1.8938391208648682,1.0,2.384185791015625e-07
171,3.998903512954712,3.0602457523345947,1.940850853919983,1.0,5.960464477539063e-08
172,4.028367042541504,2.8207767009735107,2.073154926300049,1.0777020454406738,3.5762786865234375e-07
173,4.01584529876709,2.907820224761963,2.0211663246154785,1.0551683902740479,1.1920928955078125e-07
174,3.9348392486572266,2.996119737625122,2.0690407752990723,1.0,0.0
175,3.9435877799987793,3.0623559951782227,1.922025203704834,1.0720312595367432,1.1920928955078125e-07
176,4.170632839202881,2.8517377376556396,1.8840917348861694,1.0935381650924683,2.384185791015625e-07
177,4.03348970413208,3.018906593322754,1.9476038217544556,1.0,5.960464477539063e-08
178,4.00514554977417,2.790325880050659,2.1164424419403076,1.0880857706069946,0.0
179,4.024731636047363,3.0950074195861816,1.880260944366455,1.0,0.0
180,3.8382086753845215,2.9468002319335938,2.214991569519043,1.0,2.384185791015625e-07
181,4.041851043701172,3.1135523319244385,1.8445968627929688,1.0,1.1920928955078125e-07
182,3.8538546562194824,3.0944430828094482,2.0517020225524902,1.0,0.0
183,3.9784481525421143,2.910358428955078,1.9996918439865112,1.1115018129348755,1.1920928955078125e-07
184,4.0315752029418945,2.923938751220703,1.9324259757995605,1.112060546875,2.384185791015625e-07
185,4.044536590576172,3.024120807647705,1.9137074947357178,1.0176355838775635,2.384185791015625e-07
186,4.120884895324707,2.909229278564453,1.8522542715072632,1.1176315546035767,0.0
187,4.176051616668701,2.867250919342041,1.8936408758163452,1.0630574226379395,4.172325134277344e-07
188,4.050472259521484,2.9788858890533447,1.970642328262329,1.0,2.384185791015625e-07
189,4.047142505645752,2.930237293243408,1.930549144744873,1.092071771621704,3.5762786865234375e-07
190,4.035482883453369,2.892528533935547,2.071988582611084,1.0,0.0
191,4.1031975746154785,3.031222105026245,1.8655807971954346,1.0,2.384185791015625e-07
192,4.008464336395264,2.938633680343628,1.9397345781326294,1.1131678819656372,2.384185791015625e-07
193,4.116367340087891,2.9394094944000244,1.8177623748779297,1.1264610290527344,1.1920928955078125e-07
194,3.944716215133667,2.971357822418213,2.083926200866699,1.0,1.1920928955078125e-07
195,3.9041666984558105,3.005427837371826,1.9657434225082397,1.124662160873413,5.960464477539063e-08
196,4.053465843200684,2.9138989448547363,2.0326356887817383,1.0,2.384185791015625e-07
197,4.045881271362305,2.927212953567505,1.9634814262390137,1.0634255409240723,5.960464477539062e-07
198,3.827385187149048,3.065826177597046,2.0533816814422607,1.053407073020935,5.960464477539063e-08
199,3.9640703201293945,3.0084352493286133,1.9428493976593018,1.0846449136734009,0.0
200,3.8827030658721924,3.004793167114258,2.074704885482788,1.0377987623214722,0.0
201,3.914217233657837,3.0594451427459717,1.9225329160690308,1.103804111480713,0.0
202,3.9634997844696045,3.0171704292297363,1.9422249794006348,1.077104926109314,5.960464477539063e-08
203,3.736712694168091,3.0893118381500244,2.0731725692749023,1.100803256034851,1.7881393432617188e-07
204,3.948439836502075,3.0602521896362305,1.955269455909729,1.0360382795333862,0.0
205,3.9432499408721924,2.986565589904785,2.0701849460601807,1.0,2.384185791015625e-07
206,3.979651927947998,3.0223941802978516,1.9979538917541504,1.0,0.0
207,4.137847423553467,3.0795516967773438,1.782600998878479,1.0,5.960464477539063e-08
208,3.9998111724853516,2.869847297668457,2.1303415298461914,1.0,0.0
209,3.9559338092803955,3.027507781982422,2.0165581703186035,1.0,0.0
210,4.224371910095215,2.8922362327575684,1.8833919763565063,1.0,5.960464477539063e-08
211,3.993967294692993,3.085115671157837,1.8976480960845947,1.0232689380645752,0.0
212,3.9561705589294434,3.0119407176971436,2.026785373687744,1.0051027536392212,0.0
213,4.0667643547058105,3.0704500675201416,1.862785816192627,1.0,1.1920928955078125e-07
214,3.9137728214263916,2.9732656478881836,1.9087646007537842,1.2041966915130615,0.0
215,3.9525136947631836,3.1478829383850098,1.8996034860610962,1.0,5.960464477539063e-08
216,3.8287272453308105,2.9579758644104004,2.0247275829315186,1.1885687112808228,0.0
217,4.014771938323975,3.136411666870117,1.8488163948059082,1.0,0.0
218,4.000426292419434,2.965101480484009,1.923929214477539,1.1105434894561768,2.384185791015625e-07
219,3.8994364738464355,3.0482888221740723,2.0522751808166504,1.0,2.384185791015625e-07
220,4.1246867179870605,2.9988534450531006,1.8764601945877075,1.0,1.7881393432617188e-07
221,3.970024585723877,3.043684720993042,1.9779255390167236,1.0083658695220947,3.5762786865234375e-07
222,4.008569240570068,2.839589834213257,2.151841640472412,1.0,3.5762786865234375e-07
223,3.9965503215789795,3.0668234825134277,1.8737094402313232,1.06291663646698,0.0
224,4.0474395751953125,3.06278920173645,1.8897716999053955,1.0,2.384185791015625e-07
225,4.05469274520874,2.8856191635131836,2.0431551933288574,1.0165324211120605,0.0
226,3.8659591674804688,2.9729514122009277,2.08017635345459,1.0809133052825928,1.1920928955078125e-07
227,3.96767258644104,2.9274444580078125,2.0071985721588135,1.0976850986480713,3.5762786865234375e-07
228,3.8035800457000732,3.13716721534729,2.059253215789795,1.0,2.384185791015625e-07
229,3.9675443172454834,3.0275814533233643,1.8768924474716187,1.127982258796692,2.384185791015625e-07
230,3.882138729095459,3.060969829559326,1.9375460147857666,1.119346022605896,2.980232238769531e-07
231,3.948995590209961,3.0980100631713867,1.8424394130706787,1.1105549335479736,0.0
232,4.110292434692383,2.820901393890381,2.0688064098358154,1.0,1.1920928955078125e-07
233,4.123434066772461,2.871738910675049,2.0048274993896484,1.0,2.384185791015625e-07
234,3.8703503608703613,3.1112797260284424,1.9618600606918335,1.0565096139907837,0.0
235,3.9761648178100586,2.911837577819824,2.0230469703674316,1.088950753211975,5.960464477539063e-08
236,3.9708356857299805,2.908665895462036,2.1204986572265625,1.0,1.1920928955078125e-07
237,4.142403602600098,2.77554988861084,1.9995007514953613,1.0825456380844116,0.0
238,3.8690826892852783,2.8774163722991943,2.0904061794281006,1.163094401359558,0.0
239,3.9421377182006836,2.990004777908325,2.067857265472412,1.0,0.0
240,3.872417688369751,2.9454495906829834,2.151768684387207,1.0303645133972168,2.384185791015625e-07
241,3.9551215171813965,2.971097469329834,2.0737814903259277,1.0,2.384185791015625e-07
242,4.012977123260498,2.956796646118164,1.950449824333191,1.079776644706726,1.1920928955078125e-07
243,3.9957218170166016,2.815258264541626,2.044713258743286,1.144307255744934,2.980232238769531e-07
244,4.071141719818115,2.855818271636963,2.073040246963501,1.0,1.1920928955078125e-07
245,3.8834152221679688,3.0822529792785645,1.9403952360153198,1.093936800956726,1.1920928955078125e-07
246,4.1112260818481445,2.7729811668395996,2.063358783721924,1.0524334907531738,0.0
247,3.916200637817383,3.0142557621002197,2.0695443153381348,1.0,3.5762786865234375e-07
248,4.021319389343262,2.9932494163513184,1.985431432723999,1.0,1.1920928955078125e-07
249,4.103022575378418,2.998826503753662,1.89815092086792,1.0,0.0
250,3.9874637126922607,3.053342342376709,1.9591940641403198,1.0,5.960464477539063e-08
251,4.001403331756592,3.0562448501586914,1.9423518180847168,1.0,0.0
252,3.961143732070923,3.0275070667266846,1.9645990133285522,1.0467501878738403,0.0
253,3.9799628257751465,3.095426321029663,1.7909035682678223,1.133707046508789,0.0
254,4.033525466918945,2.899547815322876,2.066927194595337,1.0,2.384185791015625e-07
255,3.968879461288452,3.0046582221984863,2.0264627933502197,1.0,2.384185791015625e-07
256,3.9617719650268555,2.9928810596466064,2.045346975326538,1.0,0.0
