lane,E,ES,S,P,maximum_packed_normalized_violation,maximum_authored_normalized_violation
0,7.599998712539673,2.4000009894371033,77.80000686645508,19.800000190734863,4.645722290313213e-07,4.645722290313213e-07
1,7.668505311012268,2.331494837999344,78.03069591522217,19.637815952301025,3.8714352419276774e-07,3.8714352419276774e-07
2,7.645311951637268,2.354687750339508,77.72773265838623,19.91758704185486,4.301594713252975e-07,4.301594713252975e-07
3,7.55849301815033,2.4415072798728943,77.72919654846191,19.829288721084595,4.301594713252975e-07,4.301594713252975e-07
4,7.552987337112427,2.4470123648643494,77.79544353485107,19.757550954818726,3.957467136192737e-07,3.957467136192737e-07
5,7.6647162437438965,2.3352836072444916,77.88868427276611,19.7760272026062,2.839052510746963e-07,2.839052510746963e-07
6,7.440004348754883,2.559995949268341,77.68354415893555,19.756455421447754,2.580956827951785e-07,2.580956827951785e-07
7,7.689552903175354,2.310446798801422,77.76481628417969,19.924737215042114,2.1073424255447014e-08,2.1073424255447014e-08
8,7.4056196212768555,2.5943803787231445,77.73633480072021,19.669281244277954,2.064765462361428e-07,2.064765462361428e-07
9,7.817881107330322,2.182118743658066,77.85797595977783,19.959911108016968,3.3552438763373206e-07,3.3552438763373206e-07
10,7.600505352020264,2.399495244026184,77.50762939453125,20.09286880493164,3.785403347662618e-07,3.785403347662618e-07
11,7.611613869667053,2.3883861303329468,77.99955368041992,19.61206078529358,3.44127577060238e-08,3.44127577060238e-08
12,7.60529637336731,2.3947033286094666,77.68433094024658,19.920973777770996,4.645722290313213e-07,4.645722290313213e-07
13,7.527797222137451,2.4722029268741608,77.61871814727783,19.909071922302246,4.0434990304577965e-07,4.0434990304577965e-07
14,7.476350665092468,2.5236493349075317,77.76002407073975,19.716325998306274,3.44127577060238e-08,3.44127577060238e-08
15,7.596577405929565,2.4034222960472107,77.4718427658081,20.124740600585938,3.269211982072261e-07,3.269211982072261e-07
16,7.648520469665527,2.351479232311249,77.8347110748291,19.813809394836426,2.1073424255447014e-08,2.1073424255447014e-08
17,7.63148307800293,2.3685167729854584,77.96080589294434,19.670681953430176,2.6669887222168447e-07,2.6669887222168447e-07
18,7.525575757026672,2.4744239449501038,77.62913227081299,19.89643692970276,3.957467136192737e-07,3.957467136192737e-07
19,7.568612098693848,2.431386560201645,78.02972793579102,19.538882970809937,1.4625422025060114e-07,1.4625422025060114e-07
20,7.523168921470642,2.476831078529358,77.77451992034912,19.748646020889282,1.72063788530119e-07,1.72063788530119e-07
21,7.532762289047241,2.467237561941147,77.67467975616455,19.858087301254272,2.6669887222168447e-07,2.6669887222168447e-07
22,7.48125433921814,2.5187456607818604,77.65017986297607,19.831072092056274,1.376510308240952e-07,1.376510308240952e-07
23,7.647299766540527,2.3527006804943085,77.82525539398193,19.822040796279907,1.8066697795662496e-07,1.8066697795662496e-07
24,7.512763142585754,2.4872365593910217,77.88228511810303,19.630483388900757,2.925084405012023e-07,2.925084405012023e-07
25,7.523543834686279,2.476455867290497,77.81277656555176,19.710772037506104,2.580956827951785e-07,2.580956827951785e-07
26,7.3811739683151245,2.6188263297080994,77.79350280761719,19.58766460418701,3.6133395591324993e-07,3.6133395591324993e-07
27,7.56588339805603,2.434116303920746,77.93661594390869,19.629273414611816,3.269211982072261e-07,3.269211982072261e-07
28,7.536422610282898,2.463577091693878,78.03417205810547,19.502252340316772,8.60318942650595e-08,8.60318942650595e-08
29,7.7201396226882935,2.2798600792884827,77.90192127227783,19.818224906921387,3.6133395591324993e-07,3.6133395591324993e-07
30,7.596610188484192,2.4033895134925842,77.77307033538818,19.823545217514038,2.925084405012023e-07,2.925084405012023e-07
31,7.484542727470398,2.515456974506378,77.39682197570801,20.08772373199463,1.548574096771071e-07,1.548574096771071e-07
32,7.65665590763092,2.3433440923690796,77.81915664672852,19.837504625320435,3.097148193542142e-07,3.097148193542142e-07
33,7.489333748817444,2.510666251182556,77.78741359710693,19.70191478729248,3.097148193542142e-07,3.097148193542142e-07
34,7.513807415962219,2.486192286014557,77.72293090820312,19.790881872177124,2.925084405012023e-07,2.925084405012023e-07
35,7.552189826965332,2.447810024023056,77.90829658508301,19.6438992023468,3.3552438763373206e-07,3.3552438763373206e-07
36,7.7211689949035645,2.2788310050964355,78.0266809463501,19.694494009017944,3.44127577060238e-07,3.44127577060238e-07
37,7.733750939369202,2.2662487626075745,77.85691261291504,19.876846075057983,4.301594713252975e-07,4.301594713252975e-07
38,7.488569617271423,2.5114303827285767,77.6377010345459,19.850860834121704,4.473658501783094e-07,4.473658501783094e-07
39,7.434271574020386,2.565729022026062,77.56768703460693,19.866576194763184,4.473658501783094e-07,4.473658501783094e-07
40,7.50767707824707,2.492322623729706,77.95259952545166,19.55508589744568,4.645722290313213e-07,4.645722290313213e-07
41,7.5338733196258545,2.4661263823509216,77.7716588973999,19.76220965385437,2.925084405012023e-07,2.925084405012023e-07
42,7.586871385574341,2.4131284654140472,77.59459018707275,19.992289543151855,4.7317541845782724e-07,4.7317541845782724e-07
43,7.425202131271362,2.5747978687286377,77.65444755554199,19.77075219154358,1.376510308240952e-07,1.376510308240952e-07
44,7.783173322677612,2.2168266773223877,77.85493850708008,19.92824077606201,3.44127577060238e-07,3.44127577060238e-07
45,7.590421438217163,2.409578263759613,77.69541263580322,19.895013570785522,2.580956827951785e-07,2.580956827951785e-07
46,7.643786668777466,2.356213331222534,78.06879043579102,19.57499623298645,0.0,0.0
47,7.621694803237915,2.3783056437969208,77.88222312927246,19.739471673965454,3.161013638317052e-08,3.161013638317052e-08
48,7.788568139076233,2.211431562900543,77.91501998901367,19.87355351448059,2.925084405012023e-07,2.925084405012023e-07
49,7.539786100387573,2.460213601589203,77.72866725921631,19.81111168861389,4.301594713252975e-07,4.301594713252975e-07
50,7.470134496688843,2.529866099357605,77.7318811416626,19.738253355026245,4.214684851089403e-08,4.214684851089403e-08
51,7.468980550765991,2.531019449234009,78.01302433013916,19.45595383644104,1.376510308240952e-07,1.376510308240952e-07
52,7.71940290927887,2.2805967926979065,77.86914825439453,19.850257635116577,1.548574096771071e-07,1.548574096771071e-07
53,7.687222361564636,2.31277734041214,77.91167259216309,19.77555751800537,4.301594713252975e-07,4.301594713252975e-07
54,7.473692893981934,2.5263074040412903,77.59136199951172,19.88232135772705,5.333977444433689e-07,5.333977444433689e-07
55,7.5637078285217285,2.4362921714782715,77.79919624328613,19.764506816864014,2.753020616481904e-07,2.753020616481904e-07
56,7.591270208358765,2.408730238676071,77.62403964996338,19.967228174209595,1.1184146254457734e-07,1.1184146254457734e-07
57,7.562781572341919,2.437218427658081,77.9934024810791,19.56937313079834,3.44127577060238e-07,3.44127577060238e-07
58,7.652606964111328,2.347392737865448,77.6787519454956,19.973864555358887,5.333977444433689e-07,5.333977444433689e-07
59,7.6776474714279175,2.3223528265953064,77.64671325683594,20.030927658081055,3.6133395591324993e-07,3.6133395591324993e-07
60,7.705402970314026,2.29459747672081,77.86599159240723,19.83940601348877,2.839052510746963e-07,2.839052510746963e-07
61,7.617274522781372,2.382725179195404,78.18355083465576,19.43373203277588,4.645722290313213e-07,4.645722290313213e-07
62,7.707337737083435,2.292662262916565,78.17842483520508,19.528909921646118,1.72063788530119e-07,1.72063788530119e-07
63,7.614952921867371,2.3850467801094055,77.66762733459473,19.94733214378357,3.6133395591324993e-07,3.6133395591324993e-07
64,7.59202778339386,2.407972812652588,77.66683101654053,19.925190210342407,3.44127577060238e-07,3.44127577060238e-07
65,7.50027060508728,2.4997295439243317,77.66214847564697,19.838122129440308,1.0536712127723507e-08,1.0536712127723507e-08
66,7.540125846862793,2.459873855113983,77.94354438781738,19.596586227416992,2.580956827951785e-07,2.580956827951785e-07
67,7.7021074295043945,2.2978922724723816,78.12848567962646,19.573625326156616,1.892701673831309e-07,1.892701673831309e-07
68,7.661135196685791,2.338864654302597,78.08544635772705,19.575695991516113,4.0434990304577965e-07,4.0434990304577965e-07
69,7.740862965583801,2.2591370344161987,77.65779972076416,20.083067417144775,2.408893039421666e-07,2.408893039421666e-07
70,7.511584758758545,2.488414943218231,78.05100440979004,19.460586309432983,3.269211982072261e-07,3.269211982072261e-07
71,7.569400668144226,2.430599629878998,77.6668643951416,19.902530908584595,2.925084405012023e-07,2.925084405012023e-07
72,7.616238594055176,2.3837611079216003,77.88093090057373,19.735311269760132,1.892701673831309e-07,1.892701673831309e-07
73,7.636522054672241,2.3634782433509827,77.77401924133301,19.862494468688965,4.645722290313213e-07,4.645722290313213e-07
74,7.593703269958496,2.406296581029892,77.81693935394287,19.77676272392273,7.742870483855355e-08,7.742870483855355e-08
75,7.567911744117737,2.4320879578590393,77.7548885345459,19.813023805618286,2.1073424255447014e-08,2.1073424255447014e-08
76,7.591314911842346,2.40868479013443,77.8508710861206,19.740452766418457,4.989849867373451e-07,4.989849867373451e-07
77,7.53917932510376,2.4608203768730164,77.79411315917969,19.745060205459595,3.6133395591324993e-07,3.6133395591324993e-07
78,7.619566917419434,2.3804329335689545,78.0184555053711,19.601120948791504,5.420009338698748e-07,5.420009338698748e-07
79,7.5743794441223145,2.4256202578544617,77.8900957107544,19.684290885925293,3.957467136192737e-07,3.957467136192737e-07
80,7.502413392066956,2.4975870549678802,77.63931274414062,19.8630952835083,2.839052510746963e-07,2.839052510746963e-07
81,7.556996941566467,2.443002760410309,77.57980346679688,19.977201223373413,4.301594713252975e-07,4.301594713252975e-07
82,7.470014691352844,2.5299859046936035,77.80210494995117,19.667906761169434,1.376510308240952e-07,1.376510308240952e-07
83,7.690781950950623,2.3092179000377655,77.96439170837402,19.726392030715942,9.463508369156545e-08,9.463508369156545e-08
84,7.542910575866699,2.457089126110077,77.65201568603516,19.890904426574707,5.333977444433689e-07,5.333977444433689e-07
85,7.73628294467926,2.2637172043323517,77.87499904632568,19.861292839050293,5.247945550168629e-07,5.247945550168629e-07
86,7.519482970237732,2.480516731739044,77.75876522064209,19.76071834564209,2.1073424255447014e-08,2.1073424255447014e-08
87,7.52870500087738,2.4712948501110077,77.68675804138184,19.841952323913574,3.0111162992770824e-07,3.0111162992770824e-07
88,7.583933472633362,2.416066527366638,77.79581546783447,19.788124561309814,3.785403347662618e-07,3.785403347662618e-07
89,7.5303566455841064,2.4696430563926697,77.48796463012695,20.04239559173584,1.892701673831309e-07,1.892701673831309e-07
90,7.65623927116394,2.3437611758708954,77.88087368011475,19.77535843849182,3.8714352419276774e-07,3.8714352419276774e-07
91,7.604600787162781,2.3953989148139954,78.01330089569092,19.591307640075684,4.301594713252975e-07,4.301594713252975e-07
92,7.653670310974121,2.346329391002655,77.83280849456787,19.820865392684937,1.892701673831309e-07,1.892701673831309e-07
93,7.627184987068176,2.3728150129318237,77.56657600402832,20.0606107711792,1.032382731180714e-07,1.032382731180714e-07
94,7.566003203392029,2.4339964985847473,77.50088214874268,20.065126419067383,2.925084405012023e-07,2.925084405012023e-07
95,7.5594741106033325,2.4405255913734436,77.90523052215576,19.654250144958496,3.6133395591324993e-07,3.6133395591324993e-07
96,7.569019198417664,2.4309805035591125,77.73231983184814,19.836705923080444,3.6133395591324993e-07,3.6133395591324993e-07
97,7.57050633430481,2.429494261741638,77.4406623840332,20.12983798980713,3.097148193542142e-07,3.097148193542142e-07
98,7.5834739208221436,2.4165257811546326,77.46642112731934,20.117058753967285,3.269211982072261e-07,3.269211982072261e-07
99,7.686581611633301,2.3134180903434753,77.99817085266113,19.688420295715332,5.333977444433689e-07,5.333977444433689e-07
100,7.5378865003585815,2.462114095687866,77.85519123077393,19.682689905166626,2.753020616481904e-07,2.753020616481904e-07
101,7.64098584651947,2.35901415348053,77.85762310028076,19.783366918563843,2.408893039421666e-07,2.408893039421666e-07
102,7.585961222648621,2.4140386283397675,77.72311210632324,19.862854480743408,3.0111162992770824e-07,3.0111162992770824e-07
103,7.467779517173767,2.532220780849457,77.89486885070801,19.572906494140625,2.236829250891547e-07,2.236829250891547e-07
104,7.527552247047424,2.472447454929352,77.40140914916992,20.126147270202637,2.236829250891547e-07,2.236829250891547e-07
105,7.602638602256775,2.397361248731613,77.98645496368408,19.61618661880493,1.6346059910361305e-07,1.6346059910361305e-07
106,7.526111006736755,2.4738889932632446,77.6343584060669,19.891743659973145,5.16191365590357e-07,5.16191365590357e-07
107,7.525716423988342,2.4742840230464935,77.50540256500244,20.02030849456787,2.839052510746963e-07,2.839052510746963e-07
108,7.662796974182129,2.337203174829483,77.72942543029785,19.933364391326904,4.0434990304577965e-07,4.0434990304577965e-07
109,7.555882930755615,2.444116771221161,78.01653861999512,19.539350271224976,3.269211982072261e-07,3.269211982072261e-07
110,7.687414288520813,2.312585711479187,77.62235641479492,20.065059661865234,1.032382731180714e-07,1.032382731180714e-07
111,7.426475882530212,2.5735244154930115,77.68884658813477,19.737621545791626,4.301594713252975e-07,4.301594713252975e-07
112,7.682093977928162,2.3179057240486145,78.00186157226562,19.68023657798767,2.236829250891547e-07,2.236829250891547e-07
113,7.54647433757782,2.45352566242218,77.98971652984619,19.556764364242554,3.785403347662618e-07,3.785403347662618e-07
114,7.5350236892700195,2.4649763107299805,77.68227577209473,19.852757453918457,5.506041232963808e-07,5.506041232963808e-07
115,7.664322853088379,2.335676848888397,78.2034683227539,19.460864067077637,5.333977444433689e-07,5.333977444433689e-07
116,7.737529873847961,2.2624701261520386,77.68301963806152,20.0545072555542,1.72063788530119e-07,1.72063788530119e-07
117,7.579447031021118,2.42055281996727,77.63288497924805,19.94657039642334,4.7317541845782724e-07,4.7317541845782724e-07
118,7.367690205574036,2.6323100924491882,77.68108367919922,19.686598777770996,4.301594713252975e-07,4.301594713252975e-07
119,7.612327337265015,2.3876725137233734,77.88295269012451,19.729379415512085,2.6669887222168447e-07,2.6669887222168447e-07
120,7.758398056030273,2.2416016459465027,77.64644145965576,20.111961364746094,2.580956827951785e-07,2.580956827951785e-07
121,7.440968155860901,2.5590315461158752,77.77905941009521,19.661916494369507,4.301594713252975e-07,4.301594713252975e-07
122,7.617934346199036,2.3820659518241882,77.97928810119629,19.638638496398926,4.301594713252975e-07,4.301594713252975e-07
123,7.65496551990509,2.3450343310832977,77.87075996398926,19.784198999404907,3.8714352419276774e-07,3.8714352419276774e-07
124,7.676515579223633,2.3234841227531433,77.86294460296631,19.813579320907593,4.645722290313213e-07,4.645722290313213e-07
125,7.597835063934326,2.40216463804245,77.97618389129639,19.621652364730835,5.16191365590357e-08,5.16191365590357e-08
126,7.647570967674255,2.3524291813373566,77.62458801269531,20.02297878265381,2.3228611451566064e-07,2.3228611451566064e-07
127,7.636475563049316,2.3635241389274597,77.74227619171143,19.894200563430786,5.16191365590357e-08,5.16191365590357e-08
128,7.627745270729065,2.372254431247711,77.7606725692749,19.86708164215088,4.989849867373451e-07,4.989849867373451e-07
129,7.684813141822815,2.315186560153961,77.69789695739746,19.98692035675049,2.236829250891547e-07,2.236829250891547e-07
130,7.748734354972839,2.2512656450271606,77.9209566116333,19.827779531478882,1.032382731180714e-07,1.032382731180714e-07
131,7.463757395744324,2.5362426042556763,77.9334545135498,19.530309438705444,3.785403347662618e-07,3.785403347662618e-07
132,7.425603866577148,2.5743961334228516,77.74686813354492,19.67873215675354,2.064765462361428e-07,2.064765462361428e-07
133,7.661938667297363,2.338061183691025,78.05895805358887,19.602982997894287,1.2904784139758926e-07,1.2904784139758926e-07
134,7.740444540977478,2.259555459022522,77.8697395324707,19.87069845199585,3.785403347662618e-07,3.785403347662618e-07
135,7.626493573188782,2.3735061287879944,77.75167465209961,19.874825477600098,3.6133395591324993e-07,3.6133395591324993e-07
136,7.5659239292144775,2.4340757727622986,78.05242538452148,19.513505697250366,3.957467136192737e-07,3.957467136192737e-07
137,7.746061086654663,2.253938615322113,77.92238712310791,19.823678731918335,2.580956827951785e-07,2.580956827951785e-07
138,7.739763259887695,2.260236442089081,78.02655696868896,19.713212251663208,3.269211982072261e-07,3.269211982072261e-07
139,7.615089416503906,2.38491028547287,77.68092632293701,19.934169054031372,3.269211982072261e-07,3.269211982072261e-07
140,7.748246192932129,2.251753658056259,77.92472839355469,19.82352375984192,3.3552438763373206e-07,3.3552438763373206e-07
141,7.48901903629303,2.5109824538230896,77.97590255737305,19.51311707496643,1.204446519710833e-07,1.204446519710833e-07
142,7.577166557312012,2.4228334426879883,77.69084453582764,19.88632559776306,2.064765462361428e-07,2.064765462361428e-07
143,7.591633200645447,2.408367097377777,77.85183429718018,19.739795923233032,1.548574096771071e-07,1.548574096771071e-07
144,7.623280882835388,2.3767197132110596,77.82103538513184,19.802244901657104,4.214684851089403e-08,4.214684851089403e-08
145,7.578015327453613,2.421984374523163,77.59650707244873,19.981513023376465,2.580956827951785e-07,2.580956827951785e-07
146,7.682793736457825,2.3172059655189514,77.8253698348999,19.857429265975952,2.925084405012023e-07,2.925084405012023e-07
147,7.67128050327301,2.3287197947502136,77.64603614807129,20.02523899078369,2.925084405012023e-07,2.925084405012023e-07
148,7.709060311317444,2.2909393906593323,77.68763542175293,20.02142906188965,2.236829250891547e-07,2.236829250891547e-07
149,7.624452114105225,2.3755478858947754,78.13210010528564,19.492344856262207,4.129530924722856e-07,4.129530924722856e-07
150,7.5008052587509155,2.4991950392723083,77.8632926940918,19.637504816055298,4.301594713252975e-07,4.301594713252975e-07
151,7.788912653923035,2.2110871970653534,77.96899795532227,19.819921255111694,3.6993714533975583e-07,3.6993714533975583e-07
152,7.5678324699401855,2.4321672320365906,77.49455451965332,20.073280334472656,1.204446519710833e-07,1.204446519710833e-07
153,7.6370769739151,2.362922728061676,77.90328025817871,19.73379611968994,5.16191365590357e-08,5.16191365590357e-08
154,7.545113563537598,2.454886883497238,77.71319389343262,19.831910133361816,5.247945550168629e-07,5.247945550168629e-07
155,7.638213634490967,2.361786514520645,77.67492294311523,19.963289499282837,6.022232598554165e-08,6.022232598554165e-08
156,7.713831067085266,2.286168783903122,77.8604793548584,19.853358268737793,3.6993714533975583e-07,3.6993714533975583e-07
157,7.650449872016907,2.349550426006317,77.50957489013672,20.14087200164795,1.548574096771071e-07,1.548574096771071e-07
158,7.5036680698394775,2.4963316321372986,78.02384853363037,19.47981357574463,3.6133395591324993e-07,3.6133395591324993e-07
159,7.548612952232361,2.4513867497444153,78.0050802230835,19.543536901474,2.236829250891547e-07,2.236829250891547e-07
160,7.550202012062073,2.4497979879379272,78.10787677764893,19.442330598831177,3.097148193542142e-07,3.097148193542142e-07
161,7.657196521759033,2.342803180217743,77.91318416595459,19.74401831626892,3.269211982072261e-07,3.269211982072261e-07
162,7.657268047332764,2.3427318036556244,77.6232099533081,20.03406524658203,4.0434990304577965e-07,4.0434990304577965e-07
163,7.546788454055786,2.45321124792099,77.74811744689941,19.798671007156372,2.1073424255447014e-08,2.1073424255447014e-08
164,7.525290846824646,2.47470885515213,77.73965835571289,19.785629510879517,1.892701673831309e-07,1.892701673831309e-07
165,7.4765545129776,2.5234454870224,77.8447675704956,19.631781578063965,3.097148193542142e-07,3.097148193542142e-07
166,7.562043070793152,2.437956780195236,78.04937362670898,19.512676000595093,3.6993714533975583e-07,3.6993714533975583e-07
167,7.3899394273757935,2.6100608706474304,77.75537490844727,19.634556770324707,4.301594713252975e-07,4.301594713252975e-07
168,7.601305842399597,2.398693859577179,77.98112392425537,19.620176553726196,3.269211982072261e-07,3.269211982072261e-07
169,7.772094011306763,2.2279059886932373,78.07141780853271,19.700684547424316,4.817786078843332e-07,4.817786078843332e-07
170,7.597447037696838,2.4025535583496094,77.82930374145508,19.76813793182373,2.753020616481904e-07,2.753020616481904e-07
171,7.560544013977051,2.439456582069397,77.82849311828613,19.73204493522644,3.097148193542142e-07,3.097148193542142e-07
172,7.788299918174744,2.2116997838020325,77.88960933685303,19.89869475364685,2.236829250891547e-07,2.236829250891547e-07
173,7.678324580192566,2.32167512178421,77.80516147613525,19.873162508010864,5.16191365590357e-08,5.16191365590357e-08
174,7.587207555770874,2.412792146205902,78.079514503479,19.507697820663452,2.580956827951785e-07,2.580956827951785e-07
175,7.470793724060059,2.5292065739631653,77.58538246154785,19.88540291786194,4.645722290313213e-07,4.645722290313213e-07
176,7.713049054145813,2.286951392889023,77.64707088470459,20.065975189208984,1.4625422025060114e-07,1.4625422025060114e-07
177,7.55820631980896,2.441794127225876,77.75595188140869,19.80225443840027,3.161013638317052e-08,3.161013638317052e-08
178,7.781649827957153,2.218349874019623,77.91918754577637,19.862464666366577,1.204446519710833e-07,1.204446519710833e-07
179,7.492308020591736,2.507692277431488,77.64533519744873,19.846972227096558,2.1073424255447014e-08,2.1073424255447014e-08
180,7.574752569198608,2.4252474308013916,78.1187105178833,19.456048011779785,3.44127577060238e-07,3.44127577060238e-07
181,7.468149662017822,2.5318509340286255,77.82219886779785,19.645944833755493,3.097148193542142e-07,3.097148193542142e-07
182,7.4699485301971436,2.5300511717796326,77.93612957000732,19.53381896018982,2.1073424255447014e-08,2.1073424255447014e-08
183,7.606624364852905,2.393375486135483,77.69151210784912,19.915117025375366,2.6669887222168447e-07,2.6669887222168447e-07
184,7.593278288841248,2.4067220091819763,77.6170015335083,19.976269006729126,4.301594713252975e-07,4.301594713252975e-07
185,7.5031304359436035,2.4968698620796204,77.64762878417969,19.85549569129944,3.269211982072261e-07,3.269211982072261e-07
186,7.650043964385986,2.3499563336372375,77.55964279174805,20.090394020080566,3.957467136192737e-07,3.957467136192737e-07
187,7.662346363067627,2.337653934955597,77.66175270080566,20.000591278076172,1.204446519710833e-07,1.204446519710833e-07
188,7.687457203865051,2.3125427961349487,77.92273044586182,19.764732122421265,3.097148193542142e-07,3.097148193542142e-07
189,7.708685398101807,2.2913143038749695,77.69282817840576,20.015861988067627,2.580956827951785e-07,2.580956827951785e-07
190,7.627826929092407,2.372172921895981,78.06312561035156,19.564701318740845,1.0536712127723507e-08,1.0536712127723507e-08
191,7.572953104972839,2.4270474910736084,77.74593830108643,19.827009439468384,2.753020616481904e-07,2.753020616481904e-07
192,7.64410674571991,2.3558929562568665,77.64862537384033,19.995484352111816,1.548574096771071e-07,1.548574096771071e-07
193,7.688794136047363,2.3112061619758606,77.53569602966309,20.153093338012695,2.580956827951785e-07,2.580956827951785e-07
194,7.625269889831543,2.374730110168457,77.90163516998291,19.72363591194153,6.88255154120476e-08,6.88255154120476e-08
195,7.5709110498428345,2.4290886521339417,77.62654304504395,19.94437575340271,4.301594713252975e-07,4.301594713252975e-07
196,7.6424044370651245,2.3575952649116516,77.86774635314941,19.774653911590576,2.580956827951785e-07,2.580956827951785e-07
197,7.7096158266067505,2.2903841733932495,77.75486946105957,19.954752922058105,3.785403347662618e-07,3.785403347662618e-07
198,7.557802200317383,2.4421975016593933,77.77888774871826,19.778923988342285,5.333977444433689e-07,5.333977444433689e-07
199,7.541174292564392,2.458825707435608,77.6287841796875,19.91238236427307,4.473658501783094e-07,4.473658501783094e-07
200,7.616172432899475,2.383827418088913,77.84500122070312,19.77117896080017,4.387626607518035e-07,4.387626607518035e-07
201,7.4853914976119995,2.5146090984344482,77.56141662597656,19.923969507217407,2.753020616481904e-07,2.753020616481904e-07
202,7.530609965324402,2.469390034675598,77.63041496276855,19.9001944065094,3.44127577060238e-08,3.44127577060238e-08
203,7.598992586135864,2.401007115840912,77.7718734741211,19.82711911201477,2.1073424255447014e-08,2.1073424255447014e-08
204,7.478408217430115,2.521592378616333,77.65842914581299,19.819971323013306,4.129530924722856e-07,4.129530924722856e-07
205,7.685730457305908,2.314269244670868,77.91402339935303,19.77171301841736,3.269211982072261e-07,3.269211982072261e-07
206,7.520195841789246,2.479804754257202,77.84567356109619,19.674516916275024,2.753020616481904e-07,2.753020616481904e-07
207,7.490147948265076,2.509852349758148,77.72429943084717,19.76584792137146,2.1073424255447014e-08,2.1073424255447014e-08
208,7.606409788131714,2.393590360879898,78.04224491119385,19.564156532287598,4.7317541845782724e-07,4.7317541845782724e-07
209,7.558717131614685,2.441282570362091,77.93280601501465,19.625916481018066,2.925084405012023e-07,2.925084405012023e-07
210,7.597207427024841,2.4027925729751587,77.83862590789795,19.758576154708862,3.097148193542142e-07,3.097148193542142e-07
211,7.576356530189514,2.423643320798874,77.66256332397461,19.913796186447144,1.6346059910361305e-07,1.6346059910361305e-07
212,7.6398420333862305,2.3601576685905457,77.8416109085083,19.798234701156616,1.892701673831309e-07,1.892701673831309e-07
213,7.522628903388977,2.477370798587799,77.72610187530518,19.79651927947998,4.645722290313213e-07,4.645722290313213e-07
214,7.5598931312561035,2.4401065707206726,77.48451709747314,20.075383186340332,3.957467136192737e-07,3.957467136192737e-07
215,7.433081269264221,2.5669193267822266,77.72954940795898,19.703526496887207,2.753020616481904e-07,2.753020616481904e-07
216,7.63846755027771,2.36153244972229,77.65539646148682,19.983075857162476,2.753020616481904e-07,2.753020616481904e-07
217,7.440937757492065,2.5590622425079346,77.7023696899414,19.738565683364868,1.376510308240952e-07,1.376510308240952e-07
218,7.57337212562561,2.4266277253627777,77.60007381439209,19.973294734954834,2.1507973566264876e-07,2.1507973566264876e-07
219,7.500300407409668,2.499699741601944,77.95600414276123,19.54429268836975,1.9787335680963685e-07,1.9787335680963685e-07
220,7.541284561157227,2.4587155878543854,77.83055782318115,19.71072554588318,6.022232598554165e-08,6.022232598554165e-08
221,7.581389546394348,2.418610602617264,77.76026248931885,19.82113242149353,3.1831800878072015e-07,3.1831800878072015e-07
222,7.753627300262451,2.246372401714325,78.06001663208008,19.69361662864685,3.269211982072261e-07,3.269211982072261e-07
223,7.5684428215026855,2.4315570294857025,77.59501934051514,19.973424673080444,6.022232598554165e-08,6.022232598554165e-08
224,7.508456707000732,2.4915437400341034,77.69201755523682,19.81643319129944,3.1831800878072015e-07,3.1831800878072015e-07
225,7.795000672340393,2.204999029636383,77.92411804199219,19.870883226394653,2.1073424255447014e-08,2.1073424255447014e-08
226,7.702012658119202,2.2979873418807983,77.85027503967285,19.85174536705017,4.473658501783094e-07,4.473658501783094e-07
227,7.6665496826171875,2.3334503173828125,77.74279594421387,19.923758506774902,2.753020616481904e-07,2.753020616481904e-07
228,7.5136250257492065,2.4863746762275696,77.86774635314941,19.645885229110718,3.6133395591324993e-07,3.6133395591324993e-07
229,7.6173996925354,2.3826003074645996,77.5576114654541,20.05979061126709,1.376510308240952e-07,1.376510308240952e-07
230,7.6127296686172485,2.3872700333595276,77.62456893920898,19.98816728591919,3.6133395591324993e-07,3.6133395591324993e-07
231,7.494776248931885,2.505224049091339,77.47926235198975,20.015511512756348,1.204446519710833e-07,1.204446519710833e-07
232,7.7049559354782104,2.2950442135334015,78.1890869140625,19.51586365699768,3.0111162992770824e-07,3.0111162992770824e-07
233,7.639829516410828,2.36017107963562,78.01702499389648,19.622797966003418,3.44127577060238e-07,3.44127577060238e-07
234,7.5115966796875,2.4884033203125,77.66115188598633,19.850449562072754,2.753020616481904e-07,2.753020616481904e-07
235,7.620251774787903,2.3797479271888733,77.7442216873169,19.876034259796143,2.236829250891547e-07,2.236829250891547e-07
236,7.618351578712463,2.3816485702991486,78.15063953399658,19.467720985412598,5.247945550168629e-07,5.247945550168629e-07
237,7.817318439483643,2.1826814115047455,77.82562255859375,19.991697072982788,6.022232598554165e-08,6.022232598554165e-08
238,7.7097487449646,2.2902511060237885,77.78219223022461,19.927563667297363,4.0434990304577965e-07,4.0434990304577965e-07
239,7.5997233390808105,2.4002766609191895,78.12388896942139,19.47583556175232,6.88255154120476e-08,6.88255154120476e-08
240,7.624309659004211,2.3756903409957886,77.93356418609619,19.690746068954468,3.44127577060238e-08,3.44127577060238e-08
241,7.628028988838196,2.3719707131385803,77.92687892913818,19.701151847839355,8.60318942650595e-08,8.60318942650595e-08
242,7.7295982837677,2.270401567220688,77.73547649383545,19.99413013458252,4.7317541845782724e-07,4.7317541845782724e-07
243,7.777148485183716,2.2228512167930603,77.788987159729,19.988168478012085,3.957467136192737e-07,3.957467136192737e-07
244,7.739534378051758,2.2604653239250183,78.13064575195312,19.60889220237732,1.892701673831309e-07,1.892701673831309e-07
245,7.498278021812439,2.501721978187561,77.59560108184814,19.90268111228943,2.408893039421666e-07,2.408893039421666e-07
246,7.848392724990845,2.1516069769859314,77.93513298034668,19.913266897201538,3.957467136192737e-07,3.957467136192737e-07
247,7.474109530448914,2.5258904695510864,77.8738021850586,19.600300788879395,3.785403347662618e-07,3.785403347662618e-07
248,7.499009966850281,2.500990629196167,77.76534080505371,19.733662605285645,3.44127577060238e-07,3.44127577060238e-07
249,7.541841268539429,2.458159029483795,77.75171279907227,19.79012131690979,3.957467136192737e-07,3.957467136192737e-07
250,7.571669220924377,2.4283304810523987,77.76510238647461,19.806567430496216,2.1073424255447014e-08,2.1073424255447014e-08
251,7.627657651901245,2.372342050075531,77.82052993774414,19.807132482528687,2.580956827951785e-07,2.580956827951785e-07
252,7.638201713562012,2.3617981374263763,77.7369499206543,19.901251792907715,1.0536712127723507e-08,1.0536712127723507e-08
253,7.533127665519714,2.4668721854686737,77.42375373840332,20.10936975479126,2.4949249336867256e-07,2.4949249336867256e-07
254,7.649034857749939,2.350965589284897,78.10362815856934,19.545398950576782,4.2155628189879156e-07,4.2155628189879156e-07
255,7.625748515129089,2.3742511868476868,78.07062149047852,19.555134773254395,4.301594713252975e-07,4.301594713252975e-07
256,7.5614893436431885,2.4385109543800354,77.99847602844238,19.563013315200806,2.1073424255447014e-08,2.1073424255447014e-08
