lane,E,ES,S,P,maximum_normalized_violation
0,7.599995136260986,2.3999977111816406,77.80000686645508,19.800000190734863,5.057621821307283e-07
1,7.668481469154358,2.3314838111400604,78.03071022033691,19.63782548904419,2.4550539257595773e-06
2,7.645263075828552,2.3546673357486725,77.72776126861572,19.91761326789856,4.920644563646878e-06
3,7.558529376983643,2.4415230751037598,77.72918224334717,19.82926368713379,3.7089226689586747e-06
4,7.552959322929382,2.447001039981842,77.7954626083374,19.757566452026367,2.802765425974453e-06
5,7.664728164672852,2.3352861404418945,77.88867950439453,19.776020050048828,1.0115243642614567e-06
6,7.4400633573532104,2.5600191950798035,77.68351554870605,19.756414890289307,5.837338518758823e-06
7,7.689486742019653,2.310422509908676,77.76486396789551,19.924776554107666,6.416857685783616e-06
8,7.405667304992676,2.594403028488159,77.73629665374756,19.66925859451294,4.973328124285495e-06
9,7.817838191986084,2.1821002662181854,77.85800457000732,19.95993733406067,4.351662108749808e-06
10,7.60050892829895,2.3995012044906616,77.50762462615967,20.09287118911743,7.164964246851985e-07
11,7.611654996871948,2.3883983492851257,77.99953937530518,19.61203098297119,3.7721429417250154e-06
12,7.605294585227966,2.3947036266326904,77.68433094024658,19.920973777770996,4.817786078843332e-07
13,7.527803182601929,2.4722059071063995,77.61871814727783,19.909067153930664,6.42739439791134e-07
14,7.476389408111572,2.523658573627472,77.76001453399658,19.7162926197052,3.3928213051269694e-06
15,7.596554756164551,2.4034129083156586,77.47185707092285,20.124752521514893,2.286466531716001e-06
16,7.648515701293945,2.3514777421951294,77.83471584320068,19.813812971115112,4.6361533361983434e-07
17,7.631471157073975,2.368510067462921,77.9608154296875,19.670687913894653,1.327625728093162e-06
18,7.525609135627747,2.4744363129138947,77.62911796569824,19.89641308784485,3.2136971989556696e-06
19,7.568620443344116,2.4313920736312866,78.02972793579102,19.538875818252563,8.850838187287746e-07
20,7.523204684257507,2.4768422544002533,77.7745008468628,19.748622179031372,3.3190643202329047e-06
21,7.532709836959839,2.467215210199356,77.6747179031372,19.858115911483765,5.299966200244924e-06
22,7.481306791305542,2.518763542175293,77.65015602111816,19.831035137176514,4.973328124285495e-06
23,7.647301554679871,2.35270157456398,77.82525062561035,19.8220431804657,2.6669887222168447e-07
24,7.5127458572387695,2.4872300028800964,77.88228511810303,19.6304988861084,1.706947364691208e-06
25,7.523515224456787,2.4764449894428253,77.81279563903809,19.710789918899536,2.8133021381021765e-06
26,7.381197214126587,2.618836760520935,77.79348850250244,19.58765745162964,2.4023703651209597e-06
27,7.565877437591553,2.4341100454330444,77.93662071228027,19.629273414611816,8.850838187287746e-07
28,7.536405324935913,2.463570386171341,78.03417682647705,19.502267837524414,1.7174840768189317e-06
29,7.720109224319458,2.2798481583595276,77.901930809021,19.8182475566864,3.013499668528923e-06
30,7.596578001976013,2.403378337621689,77.77308464050293,19.823567867279053,3.0872566534229878e-06
31,7.484543323516846,2.5154539942741394,77.39682674407959,20.08772373199463,2.580956827951785e-07
32,7.65658974647522,2.343321591615677,77.81918048858643,19.83755350112915,6.269343715995487e-06
33,7.489375472068787,2.5106826424598694,77.78739929199219,19.701884984970093,4.109317729812167e-06
34,7.513790130615234,2.4861831963062286,77.72294521331787,19.790890216827393,1.8860714708625077e-06
35,7.552131414413452,2.4477866291999817,77.90832996368408,19.643934965133667,5.795191670247929e-06
36,7.721146941184998,2.278827279806137,78.02667617797852,19.69451665878296,1.8228511980961668e-06
37,7.733678221702576,2.2662176191806793,77.85695552825928,19.87688899040222,7.365161777278731e-06
38,7.488597631454468,2.5114449858665466,77.63767719268799,19.850847721099854,3.013499668528923e-06
39,7.434296607971191,2.565738260746002,77.56768226623535,19.866557121276855,2.465590637887301e-06
40,7.507646679878235,2.4923090636730194,77.9526138305664,19.555107355117798,3.1294035019338817e-06
41,7.53393828868866,2.4661512672901154,77.77163028717041,19.76216435432434,6.332563988761828e-06
42,7.586827874183655,2.4131079018115997,77.59462356567383,19.99230980873108,4.541322927048831e-06
43,7.425221800804138,2.574802339076996,77.65445232391357,19.770729541778564,1.706947364691208e-06
44,7.78312087059021,2.2168029844760895,77.85497665405273,19.928269386291504,5.384259897266712e-06
45,7.5904035568237305,2.4095728993415833,77.69541263580322,19.89503264427185,1.6648005161803141e-06
46,7.643753290176392,2.3561981320381165,78.06881904602051,19.57501530647278,3.4349681536378634e-06
47,7.6216959953308105,2.3783044517040253,77.88221836090088,19.739471673965454,3.1831800878072015e-07
48,7.7885425090789795,2.2114191949367523,77.91504859924316,19.873563051223755,2.7079350168249414e-06
49,7.539836168289185,2.460234761238098,77.72863388061523,19.81108546257019,5.01547497279639e-06
50,7.47019350528717,2.5298863649368286,77.73184299468994,19.73821997642517,5.6476777004598e-06
51,7.468985915184021,2.5310182571411133,78.01302909851074,19.45594549179077,4.129530924722856e-07
52,7.7193909883499146,2.28058785200119,77.8691577911377,19.850263595581055,1.496213122136738e-06
53,7.687163949012756,2.3127542436122894,77.91170120239258,19.775593280792236,5.784654958120205e-06
54,7.473720908164978,2.526322603225708,77.59133815765381,19.882309436798096,3.076719941295264e-06
55,7.563734650611877,2.4363069236278534,77.79917240142822,19.764496088027954,2.9397426836348583e-06
56,7.591311931610107,2.4087458848953247,77.62401580810547,19.967201948165894,4.088244305556721e-06
57,7.562799453735352,2.437223047018051,77.9934024810791,19.569356441497803,1.5910435312862496e-06
58,7.652572393417358,2.3473791778087616,77.67876148223877,19.973891973495483,3.4244314415101398e-06
59,7.67766535282135,2.3223602771759033,77.64670372009277,20.03091812133789,1.8123144859684432e-06
60,7.705404162406921,2.294601649045944,77.86597728729248,19.839413166046143,4.5596903960481533e-07
61,7.617275714874268,2.3827210068702698,78.18355083465576,19.433729648590088,2.3180766680991717e-07
62,7.707341909408569,2.2926636040210724,78.17842483520508,19.528907537460327,3.8985834872576977e-07
63,7.614944577217102,2.3850402235984802,77.66762733459473,19.947338104248047,1.0747446370277978e-06
64,7.59207546710968,2.40799218416214,77.66680717468262,19.92516040802002,4.783667305986472e-06
65,7.500277161598206,2.499731332063675,77.66214847564697,19.838119745254517,6.005925912802399e-07
66,7.540103197097778,2.4598613381385803,77.94355869293213,19.596598148345947,2.507737486398195e-06
67,7.702099680900574,2.297886312007904,78.12849521636963,19.573628902435303,9.904509400060097e-07
68,7.661119699478149,2.3388583958148956,78.08544158935547,19.57570791244507,1.5488966827753555e-06
69,7.740850448608398,2.2591277956962585,77.65780925750732,20.083072185516357,1.538359970647632e-06
70,7.511582374572754,2.4884116649627686,78.0510139465332,19.460580348968506,4.214684851089403e-07
71,7.56940484046936,2.4306027591228485,77.6668643951416,19.902527332305908,5.373723185138989e-07
72,7.616184949874878,2.3837406933307648,77.8809642791748,19.7353458404541,5.25781935173403e-06
73,7.6365262269973755,2.363484799861908,77.77401447296143,19.862496852874756,7.797166974515395e-07
74,7.593749761581421,2.4063193798065186,77.81690120697021,19.77674126625061,4.889034427263707e-06
75,7.567877769470215,2.432078868150711,77.75490283966064,19.813048839569092,3.0661832291675406e-06
76,7.591283321380615,2.4086689949035645,77.85089015960693,19.7404682636261,3.3717478808715222e-06
77,7.539226412773132,2.460838109254837,77.79408931732178,19.74502921104431,4.5623963513042785e-06
78,7.619553208351135,2.380424439907074,78.01846504211426,19.60112452507019,1.580506819158526e-06
79,7.574334144592285,2.425602525472641,77.89012432098389,19.684317111968994,4.478102654282491e-06
80,7.502439022064209,2.497599869966507,77.63928890228271,19.863080978393555,2.7500818653358353e-06
81,7.556946873664856,2.442982494831085,77.57983207702637,19.97722864151001,4.9944015485409424e-06
82,7.47003972530365,2.529996335506439,77.80209064483643,19.667887687683105,2.5498843349090888e-06
83,7.690768241882324,2.309211790561676,77.96440601348877,19.72639799118042,1.41191942511495e-06
84,7.542900443077087,2.4570831656455994,77.65201091766357,19.890918731689453,1.1590383340495857e-06
85,7.736231088638306,2.263694554567337,77.87502765655518,19.861326217651367,5.25781935173403e-06
86,7.5194549560546875,2.480507791042328,77.75877952575684,19.760740995407104,2.6341780319308767e-06
87,7.528679966926575,2.471282333135605,77.68677711486816,19.84196901321411,2.6657881683140474e-06
88,7.5839316844940186,2.4160635471343994,77.79581069946289,19.78812575340271,3.371747880871522e-07
89,7.530351877212524,2.4696384370326996,77.48796939849854,20.04239559173584,6.848862883020279e-07
90,7.656278014183044,2.3437775671482086,77.88084506988525,19.77534294128418,3.930193623640868e-06
91,7.604557275772095,2.3953843116760254,78.01331043243408,19.59133744239807,4.130391154067615e-06
92,7.653596997261047,2.346300631761551,77.83285140991211,19.820910692214966,7.238721231746049e-06
93,7.627162337303162,2.3728089034557343,77.56657600402832,20.06063222885132,2.033585440650637e-06
94,7.565982341766357,2.4339893460273743,77.50088691711426,20.06514310836792,2.0019753042674666e-06
95,7.559450268745422,2.440514415502548,77.90524482727051,19.654260873794556,2.4972007742704712e-06
96,7.568938732147217,2.430949956178665,77.73236751556396,19.83675241470337,7.87092395940946e-06
97,7.570511102676392,2.4294959008693695,77.44065761566162,20.12984275817871,4.952254700030048e-07
98,7.583460807800293,2.416517585515976,77.4664306640625,20.117061138153076,1.5278232585199085e-06
99,7.686575651168823,2.31341153383255,77.99817562103271,19.688420295715332,9.061572429842216e-07
100,7.537925839424133,2.462126612663269,77.85518169403076,19.68266248703003,3.7089226689586747e-06
101,7.640961408615112,2.359006255865097,77.85762786865234,19.783384799957275,2.286466531716001e-06
102,7.58594810962677,2.4140268564224243,77.72313117980957,19.862853288650513,1.7701676374575492e-06
103,7.467809319496155,2.532234489917755,77.8948450088501,19.572890996932983,3.097793365550711e-06
104,7.527535557746887,2.472439706325531,77.4014139175415,20.126159191131592,1.7490942132021023e-06
105,7.602617144584656,2.3973526060581207,77.98645973205566,19.61620330810547,2.138952561927872e-06
106,7.526162266731262,2.473910003900528,77.63432502746582,19.89171862602234,5.110305381945901e-06
107,7.525724172592163,2.4742917716503143,77.50539302825928,20.02030611038208,1.1274281976664153e-06
108,7.662805914878845,2.337207794189453,77.72942066192627,19.933362007141113,9.693775157505627e-07
109,7.555847764015198,2.4441057443618774,78.01655292510986,19.539374113082886,3.2874541838497343e-06
110,7.687397599220276,2.312576472759247,77.62236595153809,20.06507396697998,1.8333879102238902e-06
111,7.426521182060242,2.573542892932892,77.68881797790527,19.73759651184082,4.530786214921108e-06
112,7.6820701360702515,2.317897230386734,78.0018663406372,19.680254459381104,2.3075399559714482e-06
113,7.5464218854904175,2.453504353761673,77.98974990844727,19.556796550750732,5.215672503223136e-06
114,7.535010576248169,2.464969754219055,77.68228054046631,19.852763414382935,1.390846000859503e-06
115,7.664311528205872,2.335672229528427,78.20346355438232,19.460872411727905,1.1485016219218623e-06
116,7.737537622451782,2.262478470802307,77.68300533294678,20.054504871368408,1.1379649097941387e-06
117,7.579413652420044,2.4205370247364044,77.63290882110596,19.946590662002563,3.487651714276481e-06
118,7.367715239524841,2.6323214173316956,77.68105506896973,19.686591625213623,2.5920311834199827e-06
119,7.612270712852478,2.387649267911911,77.88298606872559,19.72941517829895,5.658214412587524e-06
120,7.758374214172363,2.24159374833107,77.64644622802734,20.111980438232422,2.265393107460554e-06
121,7.440962195396423,2.559026777744293,77.77906894683838,19.661914110183716,7.797166974515395e-07
122,7.617975473403931,2.382085621356964,77.9792594909668,19.63861584663391,4.3200519723666376e-06
123,7.654983401298523,2.345041185617447,77.87075996398926,19.784185886383057,1.7385575010743787e-06
124,7.676489949226379,2.323472946882248,77.86295890808105,19.813597202301025,2.6236413198031535e-06
125,7.597811222076416,2.402157634496689,77.97618865966797,19.62167263031006,2.202172834694213e-06
126,7.647585868835449,2.352433204650879,77.62458801269531,20.02296209335327,1.348699152348609e-06
127,7.6364195346832275,2.363501787185669,77.74231433868408,19.894232749938965,5.563384003438012e-06
128,7.627699971199036,2.372237592935562,77.76069164276123,19.867112636566162,4.41488238151615e-06
129,7.684791684150696,2.3151735961437225,77.69791603088379,19.986928701400757,2.4550539257595773e-06
130,7.748668193817139,2.2512412071228027,77.92098999023438,19.827826023101807,6.406320973655892e-06
131,7.463752627372742,2.536238431930542,77.9334545135498,19.53031301498413,6.322027276634104e-07
132,7.425638437271118,2.574405074119568,77.74685382843018,19.67871069908142,3.076719941295264e-06
133,7.661917805671692,2.3380552232265472,78.05896282196045,19.602999687194824,1.9071448951179549e-06
134,7.740459442138672,2.259563058614731,77.86972999572754,19.870693683624268,1.5910435312862496e-06
135,7.626489996910095,2.373502105474472,77.75167465209961,19.87483024597168,5.584457427693459e-07
136,7.565918564796448,2.434069812297821,78.05243015289307,19.513505697250366,8.218635459624336e-07
137,7.746061682701111,2.253938168287277,77.92238712310791,19.82367992401123,3.0111162992770824e-07
138,7.739752531051636,2.2602346539497375,78.02655696868896,19.713221788406372,9.061572429842216e-07
139,7.615054249763489,2.384893447160721,77.68094539642334,19.934189319610596,3.698385956830951e-06
140,7.748194336891174,2.2517310082912445,77.92476654052734,19.823551177978516,5.278892775989477e-06
141,7.489027380943298,2.510984241962433,77.97590255737305,19.513107538223267,8.218635459624336e-07
142,7.577157616615295,2.4228283762931824,77.69084930419922,19.88633155822754,9.904509400060097e-07
143,7.5916677713394165,2.408379018306732,77.85181522369385,19.739772081375122,3.308527608105181e-06
144,7.623317241668701,2.376733720302582,77.82101631164551,19.802218675613403,3.6035555476814396e-06
145,7.578009366989136,2.421981394290924,77.59649753570557,19.981521368026733,6.532761519188575e-07
146,7.6827603578567505,2.3171930015087128,77.82538890838623,19.857453107833862,3.297990895977458e-06
147,7.671296000480652,2.328728139400482,77.64601707458496,20.02523899078369,1.706947364691208e-06
148,7.7090126276016235,2.290922701358795,77.68765926361084,20.02146005630493,4.572933063432002e-06
149,7.624455690383911,2.375548332929611,78.13210487365723,19.49234127998352,3.1831800878072015e-07
150,7.50080406665802,2.4991965293884277,77.86328315734863,19.637514352798462,3.44127577060238e-07
151,7.788856625556946,2.211066633462906,77.96902656555176,19.81995701789856,5.426406745777606e-06
152,7.567821145057678,2.4321557581424713,77.49456405639648,20.07328987121582,1.6331903797971436e-06
153,7.637052536010742,2.3629146814346313,77.90328979492188,19.733814001083374,2.3180766680991714e-06
154,7.545139789581299,2.4549031257629395,77.7131700515747,19.831899404525757,3.0345730927843702e-06
155,7.638259530067444,2.3618002235889435,77.67491340637207,19.963250160217285,4.225221563217126e-06
156,7.713826894760132,2.286166250705719,77.8604793548584,19.85336184501648,4.846887578752814e-07
157,7.650449872016907,2.349550873041153,77.50957012176514,20.14087200164795,4.0434990304577965e-07
158,7.503671050071716,2.4963341653347015,78.02384853363037,19.479812383651733,3.6878492447032274e-07
159,7.54861056804657,2.451384663581848,78.0050802230835,19.54353928565979,3.371747880871522e-07
160,7.550187110900879,2.4497877061367035,78.10789585113525,19.442331790924072,1.7807043495852728e-06
161,7.6571667194366455,2.342792898416519,77.91319370269775,19.744038581848145,2.8554489866130704e-06
162,7.657255530357361,2.3427271842956543,77.6232099533081,20.034077167510986,1.2222586068159268e-06
163,7.546773552894592,2.4532049894332886,77.74812698364258,19.798680543899536,1.5172865463921851e-06
164,7.525362968444824,2.474735379219055,77.73962497711182,19.7855806350708,6.954230004297515e-06
165,7.47660219669342,2.5234639644622803,77.8447437286377,19.631749391555786,4.678300184709237e-06
166,7.562038898468018,2.4379561841487885,78.04937362670898,19.512678384780884,4.7317541845782724e-07
167,7.389962673187256,2.6100730895996094,77.75534629821777,19.634552001953125,2.5288109106536416e-06
168,7.601337432861328,2.398708462715149,77.98110008239746,19.62016224861145,3.2453073353388404e-06
169,7.772084474563599,2.2278988361358643,78.07141780853271,19.700690507888794,1.1801117583050329e-06
170,7.597506046295166,2.402578294277191,77.829270362854,19.768099784851074,5.963779064291505e-06
171,7.560548186302185,2.439461201429367,77.82849311828613,19.732043743133545,6.63812864046581e-07
172,7.788252234458923,2.2116847336292267,77.88962841033936,19.898730516433716,4.4570292300270434e-06
173,7.6783061027526855,2.321668267250061,77.80517101287842,19.873178005218506,1.8123144859684432e-06
174,7.587197422981262,2.412789762020111,78.07951927185059,19.507704973220825,9.061572429842216e-07
175,7.470812797546387,2.529212236404419,77.58537769317627,19.885390996932983,1.7701676374575492e-06
176,7.713065147399902,2.2869572043418884,77.64707088470459,20.065956115722656,1.580506819158526e-06
177,7.558224201202393,2.4417999386787415,77.75595188140869,19.80223536491394,1.706947364691208e-06
178,7.7816009521484375,2.218335121870041,77.9192066192627,19.862501621246338,4.520249502793385e-06
179,7.492336630821228,2.5077033042907715,77.64531135559082,19.846951961517334,2.8238388502299e-06
180,7.574723958969116,2.4252355098724365,78.11872482299805,19.456069469451904,2.865985698740794e-06
181,7.468202114105225,2.531868815422058,77.8221845626831,19.64590549468994,5.01547497279639e-06
182,7.469944953918457,2.530050575733185,77.9361343383789,19.53381896018982,3.161013638317052e-07
183,7.606620192527771,2.3933735489845276,77.69150733947754,19.91512179374695,4.425419093643873e-07
184,7.593289613723755,2.4067294597625732,77.61699199676514,19.97626543045044,1.348699152348609e-06
185,7.50316858291626,2.496885359287262,77.64760971069336,19.855470657348633,3.8142897902359098e-06
186,7.650062441825867,2.3499639332294464,77.55963325500488,20.090384483337402,1.8649980466070607e-06
187,7.662379741668701,2.337668091058731,77.66173839569092,20.00056505203247,3.382284592999246e-06
188,7.687441110610962,2.3125357925891876,77.92273998260498,19.764740467071533,1.6331903797971436e-06
189,7.708660960197449,2.2913041710853577,77.69283771514893,20.015883445739746,2.465590637887301e-06
190,7.627840638160706,2.372177541255951,78.06312084197998,19.564688205718994,1.285478879582268e-06
191,7.57298469543457,2.427060902118683,77.7459192276001,19.82699155807495,3.2242339110833932e-06
192,7.644094824790955,2.3558875918388367,77.64863014221191,19.99549388885498,1.2433320310713738e-06
193,7.688794136047363,2.3112063109874725,77.5356912612915,20.153098106384277,2.4949249336867256e-07
194,7.625244855880737,2.374717891216278,77.90165901184082,19.723647832870483,2.6341780319308767e-06
195,7.570890188217163,2.429078370332718,77.62655258178711,19.944387674331665,2.22324625894966e-06
196,7.64240562915802,2.357599586248398,77.86773204803467,19.77466106414795,4.2155628189879156e-07
197,7.709589600563049,2.2903773188591003,77.75487899780273,19.954769611358643,2.3391500923546186e-06
198,7.5577592849731445,2.4421772360801697,77.77891635894775,19.7789466381073,4.488639366410214e-06
199,7.541177868843079,2.4588288366794586,77.6287841796875,19.91238236427307,4.741520457475578e-07
200,7.616128325462341,2.3838093876838684,77.84502029418945,19.771207571029663,4.404345669388426e-06
201,7.485395669937134,2.514612376689911,77.56141662597656,19.92396593093872,5.689824548970694e-07
202,7.530620694160461,2.4693895876407623,77.63041973114014,19.900182485580444,7.27033136812922e-07
203,7.598904371261597,2.4009737372398376,77.77192115783691,19.827178716659546,8.61903052047783e-06
204,7.478424906730652,2.52159982919693,77.65842914581299,19.819955825805664,1.7490942132021023e-06
205,7.685681581497192,2.314249277114868,77.91406154632568,19.771738052368164,4.889034427263707e-06
206,7.520214915275574,2.479810267686844,77.84567356109619,19.674499034881592,1.7807043495852728e-06
207,7.490218877792358,2.5098809599876404,77.72425174713135,19.76580262184143,7.05959712557475e-06
208,7.606419920921326,2.393595576286316,78.04224491119385,19.564151763916016,1.0958180612832448e-06
209,7.5587159395217896,2.4412837624549866,77.93279647827148,19.625922441482544,1.548574096771071e-07
210,7.597284317016602,2.402821183204651,77.83858299255371,19.758530855178833,7.459992186428243e-06
211,7.576348781585693,2.423640191555023,77.66256809234619,19.913800954818726,7.797166974515395e-07
212,7.639807462692261,2.3601460456848145,77.84162998199463,19.79825735092163,3.2874541838497343e-06
213,7.522663474082947,2.4773864448070526,77.72607803344727,19.796499013900757,3.529798562787375e-06
214,7.559882402420044,2.4401013553142548,77.48452186584473,20.075387954711914,1.1485016219218623e-06
215,7.433111667633057,2.56693035364151,77.72953987121582,19.703505039215088,2.971352820018029e-06
216,7.638404369354248,2.361510992050171,77.65542507171631,19.983116388320923,5.984852488546952e-06
217,7.440983057022095,2.55908340215683,77.70234107971191,19.738539457321167,4.699373608964684e-06
218,7.573378086090088,2.4266326427459717,77.60006904602051,19.973292350769043,7.586432731960926e-07
219,7.50030517578125,2.4997012317180634,77.95600414276123,19.544291496276855,4.530786214921108e-07
220,7.541341781616211,2.4587374925613403,77.8305196762085,19.710688591003418,5.605530851948906e-06
221,7.581377029418945,2.4186085164546967,77.76025772094727,19.821147918701172,1.0220610763891803e-06
222,7.753587365150452,2.2463558614254,78.06004047393799,19.69364047050476,4.014487320662656e-06
223,7.5684380531311035,2.4315564334392548,77.59500980377197,19.973431825637817,3.8985834872576977e-07
224,7.508493065834045,2.4915556609630585,77.69200801849365,19.816406965255737,3.445504865765587e-06
225,7.794954776763916,2.2049784660339355,77.92416572570801,19.87090229988098,4.7204470332201316e-06
226,7.701935768127441,2.297958880662918,77.85032272338867,19.851789474487305,7.449455474300519e-06
227,7.666518688201904,2.333439141511917,77.74281024932861,19.92377758026123,2.9818895321457527e-06
228,7.513587474822998,2.486356198787689,77.8677749633789,19.64590549468994,3.982877184279486e-06
229,7.617378830909729,2.3825865983963013,77.55763053894043,20.059802532196045,2.4445172136318537e-06
230,7.612681984901428,2.3872506618499756,77.62460231781006,19.988192319869995,4.762593881731025e-06
231,7.494785189628601,2.5052261352539062,77.47927665710449,20.01549243927002,8.007901217069865e-07
232,7.704970836639404,2.295054793357849,78.18907260894775,19.51586127281189,1.8123144859684432e-06
233,7.639861702919006,2.3601870238780975,78.01700115203857,19.62278127670288,3.445504865765587e-06
234,7.511577010154724,2.4883946776390076,77.66115665435791,19.85046625137329,2.0019753042674666e-06
235,7.62024462223053,2.379740923643112,77.74423599243164,19.876033067703247,1.0220610763891803e-06
236,7.618350982666016,2.3816485702991486,78.15062999725342,19.467726945877075,3.1831800878072015e-07
237,7.817297577857971,2.1826747059822083,77.82562732696533,19.99171495437622,1.959828455756572e-06
238,7.709681391716003,2.2902247309684753,77.78223514556885,19.927605390548706,6.638128640465809e-06
239,7.5997138023376465,2.400273382663727,78.12389850616455,19.475842714309692,9.061572429842216e-07
240,7.624263763427734,2.375677227973938,77.93358325958252,19.69078302383423,4.172538002578509e-06
241,7.628005743026733,2.3719604313373566,77.92689800262451,19.701162576675415,2.391833652993236e-06
242,7.729554772377014,2.2703832387924194,77.73550510406494,19.994152784347534,4.383272245132979e-06
243,7.777099609375,2.2228294610977173,77.7890157699585,19.988197088241577,5.01547497279639e-06
244,7.739521861076355,2.260458916425705,78.1306505203247,19.608898162841797,1.3592358644763325e-06
245,7.498268485069275,2.5017181038856506,77.59560585021973,19.902687072753906,9.483040914951156e-07
246,7.848351001739502,2.1515919268131256,77.93514251708984,19.91329789161682,4.035560744918103e-06
247,7.474125623703003,2.5259003043174744,77.87379264831543,19.60029125213623,1.8333879102238902e-06
248,7.499047517776489,2.5010061264038086,77.76532173156738,19.733636379241943,3.7932163659804626e-06
249,7.5418877601623535,2.4581794440746307,77.75168895721436,19.79009509086609,4.7520571696033015e-06
250,7.571665644645691,2.4283291399478912,77.76510715484619,19.806572198867798,4.903817973108391e-07
251,7.627636194229126,2.372337579727173,77.82052516937256,19.8071551322937,1.8544613344793373e-06
252,7.6381683349609375,2.3617857694625854,77.73696899414062,19.90127444267273,3.2453073353388404e-06
253,7.533129453659058,2.4668751657009125,77.42375373840332,20.109364986419678,3.5273076648674397e-07
254,7.649039626121521,2.350967228412628,78.10362815856934,19.54539656639099,4.846887578752814e-07
255,7.625737190246582,2.374243289232254,78.07063102722168,19.55513596534729,1.3803092887317795e-06
256,7.561492919921875,2.438513934612274,77.9984712600708,19.563008546829224,4.846887578752814e-07
