lane,log10_acid_activity,log10_base_activity,auxiliary_0,auxiliary_1,maximum_normalized_violation
0,-2.8000001907348633,-2.5999999046325684,0.0,-1.2930414317230962e-38,2.0019753042674663e-07
1,-2.8539154529571533,-2.6539151668548584,1.362259690407192e-38,-1.5419969576741218e-38,2.0019753042674663e-07
2,-2.934018135070801,-2.734017848968506,0.0,-0.0,2.0019753042674663e-07
3,-2.66043758392334,-2.460437536239624,0.0,-1.5259520902576026e-38,3.161013638317052e-08
4,-2.8980400562286377,-2.698040008544922,0.0,-1.2946581097613877e-38,3.161013638317052e-08
5,-2.765981674194336,-2.56598162651062,0.0,-1.4039088031041613e-38,3.161013638317052e-08
6,-2.748990058898926,-2.54899001121521,1.6171152434124108e-38,-0.0,3.161013638317052e-08
7,-2.960479736328125,-2.76047945022583,1.2002638426075394e-38,-0.0,2.0019753042674663e-07
8,-2.8554749488830566,-2.6554746627807617,1.6857065611635677e-38,-0.0,2.0019753042674663e-07
9,-2.843148708343506,-2.643148422241211,1.3101676811645348e-38,-0.0,2.0019753042674663e-07
10,-2.8340368270874023,-2.6340365409851074,1.5466737912988059e-38,-0.0,2.0019753042674663e-07
11,-2.82659649848938,-2.626596212387085,0.0,-0.0,2.0019753042674663e-07
12,-2.7520782947540283,-2.5520782470703125,0.0,-0.0,3.161013638317052e-08
13,-2.683751106262207,-2.483750820159912,0.0,-0.0,2.0019753042674663e-07
14,-2.689847707748413,-2.489847421646118,0.0,-0.0,2.0019753042674663e-07
15,-2.831017255783081,-2.6310172080993652,0.0,-1.6834772354366733e-38,3.161013638317052e-08
16,-2.799912691116333,-2.599912405014038,0.0,-1.277700296395361e-38,2.0019753042674663e-07
17,-2.73940110206604,-2.539401054382324,1.3237102499133091e-38,-1.5343371800084295e-38,3.161013638317052e-08
18,-2.7693796157836914,-2.5693795680999756,1.6128161998537087e-38,-1.3406735283433468e-38,3.161013638317052e-08
19,-2.6731250286102295,-2.4731247425079346,1.315985732258565e-38,-0.0,2.0019753042674663e-07
20,-2.677011013031006,-2.477010726928711,0.0,-1.7128511137160037e-38,2.0019753042674663e-07
21,-2.802842378616333,-2.602842330932617,0.0,-0.0,3.161013638317052e-08
22,-2.7246949672698975,-2.5246946811676025,1.7181660986613413e-38,-1.8198486592579894e-38,2.0019753042674663e-07
23,-2.7034928798675537,-2.503492832183838,0.0,-1.2167354054064455e-38,3.161013638317052e-08
24,-2.783745288848877,-2.583745002746582,1.1813488356763902e-38,-1.5413915967375335e-38,2.0019753042674663e-07
25,-2.8171346187591553,-2.6171345710754395,1.2189954195697085e-38,-1.3864065852847444e-38,3.161013638317052e-08
26,-2.844712257385254,-2.644711971282959,0.0,-0.0,2.0019753042674663e-07
27,-2.860685110092163,-2.6606850624084473,1.2603928590624851e-38,-1.8059163894062864e-38,3.161013638317052e-08
28,-2.875739574432373,-2.6757395267486572,1.3077484794957244e-38,-0.0,3.161013638317052e-08
29,-2.785931348800659,-2.5859310626983643,1.2234486059594864e-38,-0.0,2.0019753042674663e-07
30,-2.712817907333374,-2.512817859649658,1.2343287076260435e-38,-0.0,3.161013638317052e-08
31,-2.749197244644165,-2.549197196960449,1.399629097464267e-38,-0.0,3.161013638317052e-08
32,-2.845614433288574,-2.6456143856048584,1.344622387415814e-38,-0.0,3.161013638317052e-08
33,-2.9171459674835205,-2.7171459197998047,0.0,-0.0,3.161013638317052e-08
34,-2.7836058139801025,-2.5836055278778076,0.0,-1.2291950507019896e-38,2.0019753042674663e-07
35,-2.829040288925171,-2.629040002822876,1.5172085483596015e-38,-1.34166088324131e-38,2.0019753042674663e-07
36,-2.8013417720794678,-2.601341485977173,1.2911660739882903e-38,-1.3715603885746087e-38,2.0019753042674663e-07
37,-2.947267770767212,-2.747267484664917,1.3158601759161615e-38,-0.0,2.0019753042674663e-07
38,-2.814819812774658,-2.6148195266723633,0.0,-1.6748543453364506e-38,2.0019753042674663e-07
39,-2.7788212299346924,-2.5788211822509766,1.5997845445250272e-38,-1.4059916931415337e-38,3.161013638317052e-08
40,-2.8579068183898926,-2.6579067707061768,1.3903801072101838e-38,-1.727274678809299e-38,3.161013638317052e-08
41,-2.8523237705230713,-2.6523237228393555,1.7174796025436686e-38,-0.0,3.161013638317052e-08
42,-2.758265733718872,-2.5582656860351562,0.0,-1.813498535137055e-38,3.161013638317052e-08
43,-2.784658908843994,-2.5846588611602783,0.0,-1.7127544241219653e-38,3.161013638317052e-08
44,-2.759427785873413,-2.559427499771118,1.237726436012492e-38,-1.7594626446646865e-38,2.0019753042674663e-07
45,-2.7732908725738525,-2.5732905864715576,0.0,-0.0,2.0019753042674663e-07
46,-2.8301331996917725,-2.6301329135894775,1.5568016759497135e-38,-1.6654241671909303e-38,2.0019753042674663e-07
47,-2.7988626956939697,-2.598862409591675,0.0,-1.5121935814154758e-38,2.0019753042674663e-07
48,-2.8201003074645996,-2.6201000213623047,1.3959435423732462e-38,-0.0,2.0019753042674663e-07
49,-2.68255877494812,-2.482558488845825,0.0,-1.688904043999464e-38,2.0019753042674663e-07
50,-2.6578197479248047,-2.4578194618225098,0.0,-0.0,2.0019753042674663e-07
51,-2.7939083576202393,-2.5939083099365234,1.3410748602235294e-38,-0.0,3.161013638317052e-08
52,-2.7812869548797607,-2.581286907196045,0.0,-0.0,3.161013638317052e-08
53,-2.914524793624878,-2.714524507522583,1.4119752375842007e-38,-0.0,2.0019753042674663e-07
54,-2.7099592685699463,-2.5099589824676514,1.8126241248953164e-38,-1.5121375294769029e-38,2.0019753042674663e-07
55,-2.6884543895721436,-2.4884543418884277,0.0,-1.6717642019629215e-38,3.161013638317052e-08
56,-2.8107831478118896,-2.6107828617095947,1.7495324832270951e-38,-1.5857000936600985e-38,2.0019753042674663e-07
57,-2.6627700328826904,-2.4627699851989746,0.0,-1.776217830272772e-38,3.161013638317052e-08
58,-2.7616002559661865,-2.5615999698638916,0.0,-0.0,2.0019753042674663e-07
59,-2.8294849395751953,-2.6294846534729004,0.0,-1.2432458704037745e-38,2.0019753042674663e-07
60,-2.8061683177948,-2.606168031692505,0.0,-1.3390857170534203e-38,2.0019753042674663e-07
61,-2.745669364929199,-2.5456693172454834,1.5805926410173274e-38,-0.0,3.161013638317052e-08
62,-2.7978193759918213,-2.5978193283081055,1.4260240954681356e-38,-0.0,3.161013638317052e-08
63,-2.9407854080200195,-2.7407851219177246,0.0,-0.0,2.0019753042674663e-07
64,-2.8601996898651123,-2.6601996421813965,1.7077241830245785e-38,-1.748815719062593e-38,3.161013638317052e-08
65,-2.92403507232666,-2.7240350246429443,0.0,-1.3270564105162704e-38,3.161013638317052e-08
66,-2.884089469909668,-2.684089422225952,1.2637442044697644e-38,-1.636989018752851e-38,3.161013638317052e-08
67,-2.719541311264038,-2.5195412635803223,1.5718561056116479e-38,-1.8336612582208392e-38,3.161013638317052e-08
68,-2.7954187393188477,-2.595418691635132,1.4332074316559575e-38,-1.753857030417848e-38,3.161013638317052e-08
69,-2.8221957683563232,-2.6221957206726074,0.0,-0.0,3.161013638317052e-08
70,-2.8563590049743652,-2.6563589572906494,1.2405614029356675e-38,-0.0,3.161013638317052e-08
71,-2.7349658012390137,-2.534965753555298,0.0,-1.1971388069022486e-38,3.161013638317052e-08
72,-2.896726131439209,-2.696726083755493,1.4779096934469977e-38,-1.271263151639792e-38,3.161013638317052e-08
73,-2.790884494781494,-2.590884208679199,0.0,-1.2883393747260543e-38,2.0019753042674663e-07
74,-2.8069067001342773,-2.6069064140319824,0.0,-0.0,2.0019753042674663e-07
75,-2.932603359222412,-2.732603073120117,0.0,-1.2519311182856597e-38,2.0019753042674663e-07
76,-2.8330252170562744,-2.6330251693725586,1.2751206460523854e-38,-1.300492696177297e-38,3.161013638317052e-08
77,-2.8272948265075684,-2.6272947788238525,0.0,-0.0,3.161013638317052e-08
78,-2.7285478115081787,-2.528547763824463,1.2380784421867303e-38,-1.4569955941266427e-38,3.161013638317052e-08
79,-2.818082809448242,-2.6180825233459473,1.2854856304034568e-38,-1.2014646152616193e-38,2.0019753042674663e-07
80,-2.9556124210357666,-2.755612373352051,1.8222000380811265e-38,-1.8065870508513122e-38,3.161013638317052e-08
81,-2.872188091278076,-2.6721880435943604,0.0,-0.0,3.161013638317052e-08
82,-2.8135039806365967,-2.613503932952881,0.0,-0.0,3.161013638317052e-08
83,-2.746858835220337,-2.546858549118042,1.2805471743554833e-38,-1.369961787286507e-38,2.0019753042674663e-07
84,-2.8695149421691895,-2.6695148944854736,0.0,-1.1996695519288193e-38,3.161013638317052e-08
85,-2.6650047302246094,-2.4650046825408936,1.57612922514876e-38,-0.0,3.161013638317052e-08
86,-2.7456283569335938,-2.545628309249878,0.0,-0.0,3.161013638317052e-08
87,-2.80646014213562,-2.606459856033325,0.0,-0.0,2.0019753042674663e-07
88,-2.6785333156585693,-2.4785330295562744,0.0,-1.431842566951705e-38,2.0019753042674663e-07
89,-2.8082449436187744,-2.6082446575164795,0.0,-0.0,2.0019753042674663e-07
90,-2.7805991172790527,-2.580598831176758,0.0,-0.0,2.0019753042674663e-07
91,-2.7508294582366943,-2.5508291721343994,1.3648617615255967e-38,-1.3313578362823618e-38,2.0019753042674663e-07
92,-2.797999858856201,-2.5979998111724854,1.379296957396146e-38,-0.0,3.161013638317052e-08
93,-2.6370034217834473,-2.4370031356811523,0.0,-0.0,2.0019753042674663e-07
94,-2.699047327041626,-2.49904727935791,0.0,-1.836664801349273e-38,3.161013638317052e-08
95,-2.9289281368255615,-2.7289278507232666,1.2958473917680602e-38,-1.6727647290664494e-38,2.0019753042674663e-07
96,-2.800340414047241,-2.6003401279449463,1.3623933742806886e-38,-0.0,2.0019753042674663e-07
97,-2.690704822540283,-2.4907047748565674,1.7078081208025916e-38,-0.0,3.161013638317052e-08
98,-2.8616058826446533,-2.6616058349609375,0.0,-0.0,3.161013638317052e-08
99,-2.6909308433532715,-2.4909307956695557,1.1873567627123364e-38,-1.3148281195971863e-38,3.161013638317052e-08
100,-2.9224472045898438,-2.722446918487549,0.0,-0.0,2.0019753042674663e-07
101,-2.941462516784668,-2.741462469100952,1.2778562609144403e-38,-1.4999100793368974e-38,3.161013638317052e-08
102,-2.8980302810668945,-2.6980299949645996,0.0,-1.2483283799338806e-38,2.0019753042674663e-07
103,-2.738086462020874,-2.538086414337158,0.0,-0.0,3.161013638317052e-08
104,-2.9060912132263184,-2.7060909271240234,1.5266977211704699e-38,-0.0,2.0019753042674663e-07
105,-2.7322137355804443,-2.5322134494781494,1.3843085612239573e-38,-1.5650116033924997e-38,2.0019753042674663e-07
106,-2.6879115104675293,-2.4879114627838135,1.8427013148738914e-38,-1.8138488597531363e-38,3.161013638317052e-08
107,-2.745875597000122,-2.5458755493164062,1.6167943460640804e-38,-0.0,3.161013638317052e-08
108,-2.6912786960601807,-2.4912784099578857,0.0,-1.2003692202520566e-38,2.0019753042674663e-07
109,-2.9057118892669678,-2.705711603164673,1.4734672970553952e-38,-1.8228516418670375e-38,2.0019753042674663e-07
110,-2.7781760692596436,-2.5781757831573486,0.0,-0.0,2.0019753042674663e-07
111,-2.9491841793060303,-2.7491838932037354,1.776511402301048e-38,-0.0,2.0019753042674663e-07
112,-2.894017457962036,-2.6940174102783203,1.192847050095561e-38,-1.370104719729868e-38,3.161013638317052e-08
113,-2.8446712493896484,-2.6446712017059326,1.3669638493519304e-38,-1.3590804244513318e-38,3.161013638317052e-08
114,-2.9390459060668945,-2.7390456199645996,0.0,-1.4665154553738798e-38,2.0019753042674663e-07
115,-2.879340648651123,-2.6793406009674072,1.4925964223918933e-38,-0.0,3.161013638317052e-08
116,-2.7925872802734375,-2.5925872325897217,0.0,-0.0,3.161013638317052e-08
117,-2.752264976501465,-2.552264928817749,0.0,-0.0,3.161013638317052e-08
118,-2.8291409015655518,-2.629140615463257,0.0,-0.0,2.0019753042674663e-07
119,-2.89872407913208,-2.698723793029785,1.549025870771175e-38,-1.2982558034386953e-38,2.0019753042674663e-07
120,-2.8137552738189697,-2.613754987716675,0.0,-1.6491758312373912e-38,2.0019753042674663e-07
121,-2.782637357711792,-2.582637310028076,0.0,-1.5758722270104028e-38,3.161013638317052e-08
122,-2.750009775161743,-2.5500094890594482,0.0,-0.0,2.0019753042674663e-07
123,-2.8719849586486816,-2.671984910964966,0.0,-1.7456428990796687e-38,3.161013638317052e-08
124,-2.6376633644104004,-2.4376633167266846,1.5104024417183759e-38,-1.2273352473801377e-38,3.161013638317052e-08
125,-2.953179121017456,-2.753178834915161,1.1807524430499735e-38,-1.5718821697630843e-38,2.0019753042674663e-07
126,-2.789271116256714,-2.589271068572998,0.0,-0.0,3.161013638317052e-08
127,-2.824435234069824,-2.6244351863861084,1.4247278943886351e-38,-0.0,3.161013638317052e-08
128,-2.838035821914673,-2.638035774230957,0.0,-0.0,3.161013638317052e-08
129,-2.692047119140625,-2.49204683303833,0.0,-0.0,2.0019753042674663e-07
130,-2.9181878566741943,-2.7181875705718994,1.4772687395294156e-38,-0.0,2.0019753042674663e-07
131,-2.770183563232422,-2.570183277130127,1.312412841564076e-38,-0.0,2.0019753042674663e-07
132,-2.722172498703003,-2.522172451019287,0.0,-0.0,3.161013638317052e-08
133,-2.675367832183838,-2.475367784500122,1.2749236234883013e-38,-1.3511793431900828e-38,3.161013638317052e-08
134,-2.791377544403076,-2.5913772583007812,0.0,-1.3218644595761005e-38,2.0019753042674663e-07
135,-2.762054443359375,-2.562054395675659,0.0,-1.3687025804864646e-38,3.161013638317052e-08
136,-2.6908090114593506,-2.4908087253570557,1.4324919286600732e-38,-0.0,2.0019753042674663e-07
137,-2.8326380252838135,-2.6326379776000977,1.3096759655334032e-38,-1.5554340086485325e-38,3.161013638317052e-08
138,-2.732506036758423,-2.532505989074707,1.3054265279403382e-38,-1.401771822946066e-38,3.161013638317052e-08
139,-2.675722360610962,-2.475722074508667,1.179425133144565e-38,-0.0,2.0019753042674663e-07
140,-2.6982643604278564,-2.4982643127441406,1.7024770209249142e-38,-0.0,3.161013638317052e-08
141,-2.7423338890075684,-2.5423336029052734,0.0,-0.0,2.0019753042674663e-07
142,-2.8856358528137207,-2.685635566711426,0.0,-1.2227384278977666e-38,2.0019753042674663e-07
143,-2.766239881515503,-2.566239595413208,0.0,-0.0,2.0019753042674663e-07
144,-2.7849607467651367,-2.584960699081421,0.0,-0.0,3.161013638317052e-08
145,-2.8096225261688232,-2.6096224784851074,0.0,-1.208337143450054e-38,3.161013638317052e-08
146,-2.7628588676452637,-2.5628585815429688,0.0,-0.0,2.0019753042674663e-07
147,-2.854710578918457,-2.654710292816162,0.0,-0.0,2.0019753042674663e-07
148,-2.8659451007843018,-2.665945053100586,1.2966426286465645e-38,-0.0,3.161013638317052e-08
149,-2.7408275604248047,-2.5408272743225098,1.393509486940714e-38,-0.0,2.0019753042674663e-07
150,-2.8693952560424805,-2.6693949699401855,0.0,-0.0,2.0019753042674663e-07
151,-2.807727098464966,-2.607726812362671,1.4746718532153288e-38,-0.0,2.0019753042674663e-07
152,-2.900824546813965,-2.700824499130249,0.0,-0.0,3.161013638317052e-08
153,-2.774392604827881,-2.574392318725586,1.468227001318206e-38,-1.5513450197296326e-38,2.0019753042674663e-07
154,-2.779510736465454,-2.5795106887817383,0.0,-1.4493503899649794e-38,3.161013638317052e-08
155,-2.835179090499878,-2.635178804397583,1.6438707955111503e-38,-1.4220020886158305e-38,2.0019753042674663e-07
156,-2.790834426879883,-2.590834140777588,1.2860982780920596e-38,-1.435255008972029e-38,2.0019753042674663e-07
157,-2.847644329071045,-2.64764404296875,0.0,-0.0,2.0019753042674663e-07
158,-2.89536452293396,-2.695364475250244,1.4313182010663548e-38,-0.0,3.161013638317052e-08
159,-2.8369240760803223,-2.6369240283966064,1.178408350978851e-38,-1.8008350009149517e-38,3.161013638317052e-08
160,-2.8876993656158447,-2.68769907951355,1.4634258725197364e-38,-0.0,2.0019753042674663e-07
161,-2.8994925022125244,-2.6994924545288086,1.494016778515333e-38,-1.591856838592956e-38,3.161013638317052e-08
162,-2.776806592941284,-2.5768065452575684,0.0,-0.0,3.161013638317052e-08
163,-2.8520092964172363,-2.6520090103149414,0.0,-1.3725009401038635e-38,2.0019753042674663e-07
164,-2.79276704788208,-2.592766761779785,1.6773196497247372e-38,-0.0,2.0019753042674663e-07
165,-2.7670626640319824,-2.5670626163482666,0.0,-0.0,3.161013638317052e-08
166,-2.6642024517059326,-2.464202404022217,1.5874710546593122e-38,-0.0,3.161013638317052e-08
167,-2.8018991947174072,-2.6018989086151123,0.0,-1.7144438295505553e-38,2.0019753042674663e-07
168,-2.7182393074035645,-2.5182390213012695,0.0,-0.0,2.0019753042674663e-07
169,-2.7525792121887207,-2.552578926086426,1.6575558763137464e-38,-1.7490755197978788e-38,2.0019753042674663e-07
170,-2.762629747390747,-2.562629461288452,0.0,-0.0,2.0019753042674663e-07
171,-2.705813407897949,-2.5058131217956543,1.198765153899944e-38,-1.7159874999388555e-38,2.0019753042674663e-07
172,-2.8192765712738037,-2.619276523590088,1.3055844542772676e-38,-0.0,3.161013638317052e-08
173,-2.8324410915374756,-2.6324408054351807,1.207817121589943e-38,-1.2245402174631954e-38,2.0019753042674663e-07
174,-2.745957136154175,-2.54595685005188,1.6608674248446388e-38,-0.0,2.0019753042674663e-07
175,-2.896179676055908,-2.6961796283721924,1.5842580174104618e-38,-1.3736214183559376e-38,3.161013638317052e-08
176,-2.795767068862915,-2.595767021179199,0.0,-0.0,3.161013638317052e-08
177,-2.7925117015838623,-2.5925114154815674,0.0,-1.7098212261764406e-38,2.0019753042674663e-07
178,-2.8848764896392822,-2.6848762035369873,1.4880066094018438e-38,-0.0,2.0019753042674663e-07
179,-2.7702789306640625,-2.5702788829803467,0.0,-1.8410943057950037e-38,3.161013638317052e-08
180,-2.9340813159942627,-2.7340810298919678,1.3262778490894915e-38,-1.7553897706781264e-38,2.0019753042674663e-07
181,-2.6517889499664307,-2.4517886638641357,0.0,-0.0,2.0019753042674663e-07
182,-2.8192501068115234,-2.6192500591278076,1.4069008555851877e-38,-0.0,3.161013638317052e-08
183,-2.9369587898254395,-2.7369587421417236,0.0,-1.2475617295440485e-38,3.161013638317052e-08
184,-2.9067087173461914,-2.7067084312438965,0.0,-1.3417669615350594e-38,2.0019753042674663e-07
185,-2.862637758255005,-2.662637710571289,1.674570302137732e-38,-1.702294852124552e-38,3.161013638317052e-08
186,-2.813161611557007,-2.613161325454712,0.0,-0.0,2.0019753042674663e-07
187,-2.8331661224365234,-2.6331658363342285,0.0,-1.5683579041253074e-38,2.0019753042674663e-07
188,-2.6429340839385986,-2.442934036254883,0.0,-0.0,3.161013638317052e-08
189,-2.74521541595459,-2.545215368270874,0.0,-0.0,3.161013638317052e-08
190,-2.820071220397949,-2.6200711727142334,1.4448530626735753e-38,-0.0,3.161013638317052e-08
191,-2.6884381771087646,-2.4884378910064697,0.0,-1.638929536866248e-38,2.0019753042674663e-07
192,-2.832683801651001,-2.632683515548706,0.0,-0.0,2.0019753042674663e-07
193,-2.7217109203338623,-2.5217108726501465,0.0,-1.838266765753689e-38,3.161013638317052e-08
194,-2.836479425430298,-2.636479139328003,1.332941023287356e-38,-1.4444909671503938e-38,2.0019753042674663e-07
195,-2.8761343955993652,-2.6761341094970703,0.0,-1.1970650986030251e-38,2.0019753042674663e-07
196,-2.8424623012542725,-2.6424622535705566,0.0,-1.4708659265862226e-38,3.161013638317052e-08
197,-2.7492213249206543,-2.5492212772369385,0.0,-0.0,3.161013638317052e-08
198,-2.8403146266937256,-2.6403143405914307,1.2820196587817958e-38,-1.1824027522514089e-38,2.0019753042674663e-07
199,-2.878844738006592,-2.678844451904297,0.0,-1.4618253094137846e-38,2.0019753042674663e-07
200,-2.8312432765960693,-2.6312429904937744,1.5107023195897414e-38,-1.330114043765427e-38,2.0019753042674663e-07
201,-2.8969852924346924,-2.6969852447509766,1.5411515543105946e-38,-0.0,3.161013638317052e-08
202,-2.8792285919189453,-2.6792285442352295,0.0,-1.3005938699264212e-38,3.161013638317052e-08
203,-2.7989368438720703,-2.5989365577697754,1.6642860325782057e-38,-0.0,2.0019753042674663e-07
204,-2.8873939514160156,-2.6873936653137207,0.0,-1.6279296241809911e-38,2.0019753042674663e-07
205,-2.740875720977783,-2.5408756732940674,1.560453459747744e-38,-0.0,3.161013638317052e-08
206,-2.832524538040161,-2.6325244903564453,0.0,-1.8098405856257816e-38,3.161013638317052e-08
207,-2.6507513523101807,-2.450751304626465,0.0,-0.0,3.161013638317052e-08
208,-2.9329617023468018,-2.732961416244507,1.4136172791246965e-38,-0.0,2.0019753042674663e-07
209,-2.763929605484009,-2.563929319381714,0.0,-1.605027362599452e-38,2.0019753042674663e-07
210,-2.7746317386627197,-2.574631690979004,1.8062168277970376e-38,-0.0,3.161013638317052e-08
211,-2.704897403717041,-2.504897117614746,0.0,-1.1845229168279323e-38,2.0019753042674663e-07
212,-2.7542011737823486,-2.5542008876800537,1.3647188290822356e-38,-1.20865860131777e-38,2.0019753042674663e-07
213,-2.7066571712493896,-2.506657123565674,0.0,-0.0,3.161013638317052e-08
214,-2.9333457946777344,-2.7333455085754395,1.6996410730928137e-38,-0.0,2.0019753042674663e-07
215,-2.7538626194000244,-2.5538625717163086,0.0,-0.0,3.161013638317052e-08
216,-2.9005889892578125,-2.7005887031555176,1.328659495959458e-38,-0.0,2.0019753042674663e-07
217,-2.7202820777893066,-2.520282030105591,0.0,-0.0,3.161013638317052e-08
218,-2.8854222297668457,-2.68542218208313,0.0,-1.2509751524732973e-38,3.161013638317052e-08
219,-2.825681686401367,-2.6256814002990723,1.203589684382768e-38,-0.0,2.0019753042674663e-07
220,-2.721038341522217,-2.521038055419922,0.0,-0.0,2.0019753042674663e-07
221,-2.772724151611328,-2.572723865509033,1.240302723239153e-38,-1.477103946830011e-38,2.0019753042674663e-07
222,-2.828615427017212,-2.628615140914917,1.3099988246995837e-38,-0.0,2.0019753042674663e-07
223,-2.7409369945526123,-2.5409369468688965,0.0,-0.0,3.161013638317052e-08
224,-2.772514581680298,-2.572514533996582,0.0,-0.0,3.161013638317052e-08
225,-2.700472593307495,-2.5004725456237793,1.5136559764928452e-38,-0.0,3.161013638317052e-08
226,-2.780076742172241,-2.5800764560699463,1.6475646182631105e-38,-0.0,2.0019753042674663e-07
227,-2.8418099880218506,-2.6418097019195557,0.0,-0.0,2.0019753042674663e-07
228,-2.7745864391326904,-2.5745861530303955,1.4292313873932822e-38,-1.4729830083061245e-38,2.0019753042674663e-07
229,-2.753103494644165,-2.553103446960449,0.0,-0.0,3.161013638317052e-08
230,-2.75156307220459,-2.551562786102295,0.0,-1.7077402979569182e-38,2.0019753042674663e-07
231,-2.810016632080078,-2.610016345977783,1.5666679381773317e-38,-0.0,2.0019753042674663e-07
232,-2.748410701751709,-2.548410415649414,1.4919627552263256e-38,-0.0,2.0019753042674663e-07
233,-2.7847533226013184,-2.5847532749176025,1.2491419738222676e-38,-0.0,3.161013638317052e-08
234,-2.8084070682525635,-2.6084070205688477,0.0,-1.3492086971597028e-38,3.161013638317052e-08
235,-2.9188437461853027,-2.718843460083008,0.0,-1.2050924368559099e-38,2.0019753042674663e-07
236,-2.8181636333465576,-2.6181633472442627,1.401035300473217e-38,-0.0,2.0019753042674663e-07
237,-2.7938268184661865,-2.5938265323638916,1.3589042812343662e-38,-0.0,2.0019753042674663e-07
238,-2.912147045135498,-2.7121469974517822,1.3358338638371082e-38,-0.0,3.161013638317052e-08
239,-2.7161831855773926,-2.5161831378936768,1.5655407336926288e-38,-0.0,3.161013638317052e-08
240,-2.9152307510375977,-2.715230703353882,1.3196634400781855e-38,-1.3207291275603045e-38,3.161013638317052e-08
241,-2.8112170696258545,-2.6112167835235596,1.4648268907243684e-38,-1.6213844393138228e-38,2.0019753042674663e-07
242,-2.696316957473755,-2.49631667137146,1.4257819510935003e-38,-0.0,2.0019753042674663e-07
243,-2.8578150272369385,-2.6578149795532227,0.0,-1.7527277239854486e-38,3.161013638317052e-08
244,-2.7123656272888184,-2.5123653411865234,1.3796472820122272e-38,-1.501571178536508e-38,2.0019753042674663e-07
245,-2.862064838409424,-2.662064790725708,0.0,-1.3182359373325778e-38,3.161013638317052e-08
246,-2.7744243144989014,-2.5744240283966064,1.489108029994803e-38,-0.0,2.0019753042674663e-07
247,-2.9442806243896484,-2.7442803382873535,0.0,-0.0,2.0019753042674663e-07
248,-2.9105005264282227,-2.7105002403259277,0.0,-0.0,2.0019753042674663e-07
249,-2.7816238403320312,-2.5816237926483154,0.0,-0.0,3.161013638317052e-08
250,-2.75162935256958,-2.5516293048858643,1.1894482006703412e-38,-1.5445232185456066e-38,3.161013638317052e-08
251,-2.6481924057006836,-2.4481921195983887,1.2025828514361505e-38,-0.0,2.0019753042674663e-07
252,-2.7304153442382812,-2.5304150581359863,0.0,-0.0,2.0019753042674663e-07
253,-2.7504706382751465,-2.5504705905914307,1.5950932775261606e-38,-0.0,3.161013638317052e-08
254,-2.766524076461792,-2.566523790359497,1.5810906624915484e-38,-0.0,2.0019753042674663e-07
255,-2.6607463359832764,-2.4607462882995605,1.6974586908644742e-38,-0.0,3.161013638317052e-08
256,-2.791741371154785,-2.5917413234710693,0.0,-1.6678442096388192e-38,3.161013638317052e-08
