timestamp, name, utilization.gpu [%], utilization.memory [%], memory.used [MiB], memory.total [MiB], temperature.gpu, power.draw [W], power.limit [W], clocks.current.sm [MHz], clocks.current.memory [MHz], pstate, clocks_event_reasons.sw_power_cap, clocks_event_reasons.sw_thermal_slowdown, clocks_event_reasons.hw_thermal_slowdown
2026/09/24 14:57:58.384, NVIDIA GeForce RTX 5070 Ti Laptop GPU, 0, 0, 0, 12227, 46, 20.85, [N/A], 0, 14001, P0, Active, Not Active, Not Active
2026/09/24 14:57:59.398, NVIDIA GeForce RTX 5070 Ti Laptop GPU, [Unknown Error], [Unknown Error], 0, 12227, 45, 36117.25, [N/A], 180, 405, P0, Active, Not Active, Not Active
2026/09/24 14:58:00.987, NVIDIA GeForce RTX 5070 Ti Laptop GPU, [Unknown Error], [Unknown Error], 0, 12227, 45, 25896.41, [N/A], 180, 405, P0, Active, Not Active, Not Active
2026/09/24 14:58:02.564, NVIDIA GeForce RTX 5070 Ti Laptop GPU, [Unknown Error], [Unknown Error], 0, 12227, 45, 20218.91, [N/A], 180, 405, P0, Active, Not Active, Not Active
2026/09/24 14:58:04.133, NVIDIA GeForce RTX 5070 Ti Laptop GPU, [Unknown Error], [Unknown Error], 0, 12227, 45, 16528.19, [N/A], 180, 405, P0, Active, Not Active, Not Active
2026/09/24 14:58:05.755, NVIDIA GeForce RTX 5070 Ti Laptop GPU, 84, 18, 579, 12227, 55, 60.08, [N/A], 2002, 14001, P0, Not Active, Not Active, Not Active
2026/09/24 14:58:06.760, NVIDIA GeForce RTX 5070 Ti Laptop GPU, 100, 21, 579, 12227, 58, 120.15, [N/A], 2362, 11001, P2, Active, Not Active, Not Active
2026/09/24 14:58:07.770, NVIDIA GeForce RTX 5070 Ti Laptop GPU, 100, 21, 579, 12227, 59, 118.11, [N/A], 2452, 11001, P2, Active, Not Active, Not Active
2026/09/24 14:58:08.776, NVIDIA GeForce RTX 5070 Ti Laptop GPU, 100, 22, 579, 12227, 60, 118.82, [N/A], 2505, 11001, P2, Active, Not Active, Not Active
2026/09/24 14:58:09.784, NVIDIA GeForce RTX 5070 Ti Laptop GPU, 100, 23, 579, 12227, 60, 120.25, [N/A], 2535, 11001, P2, Active, Not Active, Not Active
2026/09/24 14:58:10.790, NVIDIA GeForce RTX 5070 Ti Laptop GPU, 100, 23, 579, 12227, 61, 119.34, [N/A], 2557, 11001, P2, Active, Not Active, Not Active
2026/09/24 14:58:11.800, NVIDIA GeForce RTX 5070 Ti Laptop GPU, 100, 23, 579, 12227, 61, 119.53, [N/A], 2572, 11001, P2, Active, Not Active, Not Active
2026/09/24 14:58:12.810, NVIDIA GeForce RTX 5070 Ti Laptop GPU, 100, 23, 579, 12227, 62, 119.66, [N/A], 2580, 11001, P2, Active, Not Active, Not Active
2026/09/24 14:58:13.821, NVIDIA GeForce RTX 5070 Ti Laptop GPU, 100, 23, 579, 12227, 62, 119.97, [N/A], 2587, 11001, P2, Active, Not Active, Not Active
2026/09/24 14:58:14.825, NVIDIA GeForce RTX 5070 Ti Laptop GPU, 100, 24, 579, 12227, 63, 120.01, [N/A], 2595, 11001, P2, Active, Not Active, Not Active
2026/09/24 14:58:15.840, NVIDIA GeForce RTX 5070 Ti Laptop GPU, 100, 23, 579, 12227, 63, 119.90, [N/A], 2595, 11001, P2, Active, Not Active, Not Active
2026/09/24 14:58:16.853, NVIDIA GeForce RTX 5070 Ti Laptop GPU, 100, 23, 579, 12227, 64, 119.90, [N/A], 2595, 11001, P2, Active, Not Active, Not Active
2026/09/24 14:58:17.867, NVIDIA GeForce RTX 5070 Ti Laptop GPU, 100, 23, 579, 12227, 64, 119.68, [N/A], 2595, 11001, P2, Active, Not Active, Not Active
2026/09/24 14:58:18.881, NVIDIA GeForce RTX 5070 Ti Laptop GPU, 100, 23, 579, 12227, 64, 119.75, [N/A], 2595, 11001, P2, Active, Not Active, Not Active
2026/09/24 14:58:19.882, NVIDIA GeForce RTX 5070 Ti Laptop GPU, 100, 23, 579, 12227, 64, 119.69, [N/A], 2587, 11001, P2, Active, Not Active, Not Active
2026/09/24 14:58:20.895, NVIDIA GeForce RTX 5070 Ti Laptop GPU, 100, 23, 579, 12227, 65, 119.66, [N/A], 2587, 11001, P2, Active, Not Active, Not Active
2026/09/24 14:58:21.909, NVIDIA GeForce RTX 5070 Ti Laptop GPU, 100, 23, 579, 12227, 65, 119.75, [N/A], 2595, 11001, P2, Active, Not Active, Not Active
2026/09/24 14:58:22.920, NVIDIA GeForce RTX 5070 Ti Laptop GPU, 100, 23, 579, 12227, 65, 119.66, [N/A], 2595, 11001, P2, Active, Not Active, Not Active
2026/09/24 14:58:23.925, NVIDIA GeForce RTX 5070 Ti Laptop GPU, 100, 23, 579, 12227, 66, 119.77, [N/A], 2587, 11001, P2, Active, Not Active, Not Active
2026/09/24 14:58:24.926, NVIDIA GeForce RTX 5070 Ti Laptop GPU, 100, 23, 579, 12227, 66, 119.76, [N/A], 2587, 11001, P2, Active, Not Active, Not Active
2026/09/24 14:58:25.927, NVIDIA GeForce RTX 5070 Ti Laptop GPU, 100, 23, 579, 12227, 66, 119.85, [N/A], 2587, 11001, P2, Active, Not Active, Not Active
2026/09/24 14:58:26.938, NVIDIA GeForce RTX 5070 Ti Laptop GPU, 100, 23, 579, 12227, 67, 119.82, [N/A], 2587, 11001, P2, Active, Not Active, Not Active
2026/09/24 14:58:27.948, NVIDIA GeForce RTX 5070 Ti Laptop GPU, 100, 23, 579, 12227, 67, 119.86, [N/A], 2587, 11001, P2, Active, Not Active, Not Active
2026/09/24 14:58:28.961, NVIDIA GeForce RTX 5070 Ti Laptop GPU, 100, 23, 579, 12227, 67, 119.72, [N/A], 2587, 11001, P2, Active, Not Active, Not Active
2026/09/24 14:58:29.974, NVIDIA GeForce RTX 5070 Ti Laptop GPU, 100, 23, 579, 12227, 67, 119.76, [N/A], 2587, 11001, P2, Active, Not Active, Not Active
2026/09/24 14:58:30.989, NVIDIA GeForce RTX 5070 Ti Laptop GPU, 100, 23, 579, 12227, 67, 119.84, [N/A], 2587, 11001, P2, Active, Not Active, Not Active
2026/09/24 14:58:31.994, NVIDIA GeForce RTX 5070 Ti Laptop GPU, 100, 23, 579, 12227, 68, 119.81, [N/A], 2587, 11001, P2, Active, Not Active, Not Active
2026/09/24 14:58:33.002, NVIDIA GeForce RTX 5070 Ti Laptop GPU, 100, 23, 579, 12227, 68, 119.78, [N/A], 2587, 11001, P2, Active, Not Active, Not Active
2026/09/24 14:58:34.004, NVIDIA GeForce RTX 5070 Ti Laptop GPU, 100, 23, 579, 12227, 68, 119.81, [N/A], 2587, 11001, P2, Active, Not Active, Not Active
2026/09/24 14:58:35.014, NVIDIA GeForce RTX 5070 Ti Laptop GPU, 100, 23, 579, 12227, 68, 119.65, [N/A], 2580, 11001, P2, Active, Not Active, Not Active
2026/09/24 14:58:36.029, NVIDIA GeForce RTX 5070 Ti Laptop GPU, 100, 23, 579, 12227, 68, 119.73, [N/A], 2580, 11001, P2, Active, Not Active, Not Active
2026/09/24 14:58:37.039, NVIDIA GeForce RTX 5070 Ti Laptop GPU, 100, 23, 579, 12227, 69, 119.66, [N/A], 2580, 11001, P2, Active, Not Active, Not Active
2026/09/24 14:58:38.053, NVIDIA GeForce RTX 5070 Ti Laptop GPU, 100, 23, 579, 12227, 69, 119.79, [N/A], 2580, 11001, P2, Active, Not Active, Not Active
2026/09/24 14:58:39.065, NVIDIA GeForce RTX 5070 Ti Laptop GPU, 100, 23, 579, 12227, 69, 119.91, [N/A], 2580, 11001, P2, Active, Not Active, Not Active
2026/09/24 14:58:40.076, NVIDIA GeForce RTX 5070 Ti Laptop GPU, 100, 23, 579, 12227, 69, 119.85, [N/A], 2580, 11001, P2, Active, Not Active, Not Active
2026/09/24 14:58:41.089, NVIDIA GeForce RTX 5070 Ti Laptop GPU, 100, 23, 579, 12227, 69, 119.87, [N/A], 2572, 11001, P2, Active, Not Active, Not Active
2026/09/24 14:58:42.097, NVIDIA GeForce RTX 5070 Ti Laptop GPU, 100, 23, 579, 12227, 69, 119.90, [N/A], 2572, 11001, P2, Active, Not Active, Not Active
2026/09/24 14:58:43.100, NVIDIA GeForce RTX 5070 Ti Laptop GPU, 100, 23, 579, 12227, 70, 119.94, [N/A], 2572, 11001, P2, Active, Not Active, Not Active
2026/09/24 14:58:44.113, NVIDIA GeForce RTX 5070 Ti Laptop GPU, 100, 23, 579, 12227, 70, 119.88, [N/A], 2572, 11001, P2, Active, Not Active, Not Active
2026/09/24 14:58:45.124, NVIDIA GeForce RTX 5070 Ti Laptop GPU, 100, 23, 579, 12227, 70, 119.83, [N/A], 2572, 11001, P2, Active, Not Active, Not Active
2026/09/24 14:58:46.139, NVIDIA GeForce RTX 5070 Ti Laptop GPU, 100, 23, 579, 12227, 70, 119.91, [N/A], 2572, 11001, P2, Active, Not Active, Not Active
2026/09/24 14:58:47.152, NVIDIA GeForce RTX 5070 Ti Laptop GPU, 100, 23, 579, 12227, 71, 119.94, [N/A], 2572, 11001, P2, Active, Not Active, Not Active
2026/09/24 14:58:48.165, NVIDIA GeForce RTX 5070 Ti Laptop GPU, 100, 23, 579, 12227, 71, 119.86, [N/A], 2572, 11001, P2, Active, Not Active, Not Active
2026/09/24 14:58:49.176, NVIDIA GeForce RTX 5070 Ti Laptop GPU, 100, 23, 579, 12227, 71, 119.92, [N/A], 2572, 11001, P2, Active, Not Active, Not Active
2026/09/24 14:58:50.186, NVIDIA GeForce RTX 5070 Ti Laptop GPU, 100, 23, 579, 12227, 71, 119.89, [N/A], 2572, 11001, P2, Active, Not Active, Not Active
2026/09/24 14:58:51.201, NVIDIA GeForce RTX 5070 Ti Laptop GPU, 100, 23, 579, 12227, 71, 119.87, [N/A], 2565, 11001, P2, Active, Not Active, Not Active
2026/09/24 14:58:52.215, NVIDIA GeForce RTX 5070 Ti Laptop GPU, 100, 23, 579, 12227, 71, 119.86, [N/A], 2565, 11001, P2, Active, Not Active, Not Active
2026/09/24 14:58:53.223, NVIDIA GeForce RTX 5070 Ti Laptop GPU, 100, 23, 579, 12227, 72, 119.91, [N/A], 2565, 11001, P2, Active, Not Active, Not Active
2026/09/24 14:58:54.226, NVIDIA GeForce RTX 5070 Ti Laptop GPU, 100, 23, 579, 12227, 72, 119.90, [N/A], 2565, 11001, P2, Active, Not Active, Not Active
2026/09/24 14:58:55.234, NVIDIA GeForce RTX 5070 Ti Laptop GPU, 100, 23, 579, 12227, 72, 119.88, [N/A], 2565, 11001, P2, Active, Not Active, Not Active
2026/09/24 14:58:56.245, NVIDIA GeForce RTX 5070 Ti Laptop GPU, 100, 23, 579, 12227, 73, 119.83, [N/A], 2565, 11001, P2, Active, Not Active, Not Active
2026/09/24 14:58:57.250, NVIDIA GeForce RTX 5070 Ti Laptop GPU, 100, 23, 579, 12227, 73, 119.73, [N/A], 2565, 11001, P2, Active, Not Active, Not Active
2026/09/24 14:58:58.265, NVIDIA GeForce RTX 5070 Ti Laptop GPU, 100, 23, 579, 12227, 73, 119.80, [N/A], 2565, 11001, P2, Active, Not Active, Not Active
2026/09/24 14:58:59.275, NVIDIA GeForce RTX 5070 Ti Laptop GPU, 100, 23, 579, 12227, 73, 119.85, [N/A], 2565, 11001, P2, Active, Not Active, Not Active
2026/09/24 14:59:00.288, NVIDIA GeForce RTX 5070 Ti Laptop GPU, 100, 23, 579, 12227, 73, 119.85, [N/A], 2557, 11001, P2, Active, Not Active, Not Active
2026/09/24 14:59:01.303, NVIDIA GeForce RTX 5070 Ti Laptop GPU, 100, 23, 579, 12227, 73, 119.88, [N/A], 2557, 11001, P2, Active, Not Active, Not Active
2026/09/24 14:59:02.318, NVIDIA GeForce RTX 5070 Ti Laptop GPU, 100, 23, 579, 12227, 74, 119.87, [N/A], 2557, 11001, P2, Active, Not Active, Not Active
2026/09/24 14:59:03.329, NVIDIA GeForce RTX 5070 Ti Laptop GPU, 100, 23, 579, 12227, 74, 119.91, [N/A], 2557, 11001, P2, Active, Not Active, Not Active
2026/09/24 14:59:04.342, NVIDIA GeForce RTX 5070 Ti Laptop GPU, 100, 23, 579, 12227, 74, 119.93, [N/A], 2557, 11001, P2, Active, Not Active, Not Active
2026/09/24 14:59:05.351, NVIDIA GeForce RTX 5070 Ti Laptop GPU, 100, 23, 579, 12227, 74, 119.91, [N/A], 2557, 11001, P2, Active, Not Active, Not Active
2026/09/24 14:59:06.365, NVIDIA GeForce RTX 5070 Ti Laptop GPU, 100, 23, 579, 12227, 74, 119.87, [N/A], 2550, 11001, P2, Active, Not Active, Not Active
2026/09/24 14:59:07.371, NVIDIA GeForce RTX 5070 Ti Laptop GPU, 100, 23, 579, 12227, 74, 119.89, [N/A], 2550, 11001, P2, Active, Not Active, Not Active
2026/09/24 14:59:08.378, NVIDIA GeForce RTX 5070 Ti Laptop GPU, 100, 23, 579, 12227, 74, 119.90, [N/A], 2550, 11001, P2, Active, Not Active, Not Active
2026/09/24 14:59:09.393, NVIDIA GeForce RTX 5070 Ti Laptop GPU, 100, 23, 579, 12227, 75, 119.89, [N/A], 2550, 11001, P2, Active, Not Active, Not Active
2026/09/24 14:59:10.402, NVIDIA GeForce RTX 5070 Ti Laptop GPU, 100, 23, 579, 12227, 75, 119.89, [N/A], 2550, 11001, P2, Active, Not Active, Not Active
2026/09/24 14:59:11.408, NVIDIA GeForce RTX 5070 Ti Laptop GPU, 100, 23, 579, 12227, 75, 119.91, [N/A], 2550, 11001, P2, Active, Not Active, Not Active
2026/09/24 14:59:12.420, NVIDIA GeForce RTX 5070 Ti Laptop GPU, 100, 23, 579, 12227, 75, 119.78, [N/A], 2550, 11001, P2, Active, Not Active, Not Active
2026/09/24 14:59:13.428, NVIDIA GeForce RTX 5070 Ti Laptop GPU, 100, 23, 579, 12227, 75, 119.91, [N/A], 2550, 11001, P2, Active, Not Active, Not Active
2026/09/24 14:59:14.441, NVIDIA GeForce RTX 5070 Ti Laptop GPU, 100, 23, 579, 12227, 75, 119.81, [N/A], 2550, 11001, P2, Active, Not Active, Not Active
2026/09/24 14:59:15.454, NVIDIA GeForce RTX 5070 Ti Laptop GPU, 100, 23, 579, 12227, 76, 119.89, [N/A], 2550, 11001, P2, Active, Not Active, Not Active
2026/09/24 14:59:16.455, NVIDIA GeForce RTX 5070 Ti Laptop GPU, 100, 23, 579, 12227, 76, 119.84, [N/A], 2550, 11001, P2, Active, Not Active, Not Active
2026/09/24 14:59:17.466, NVIDIA GeForce RTX 5070 Ti Laptop GPU, 100, 23, 579, 12227, 76, 119.89, [N/A], 2550, 11001, P2, Active, Not Active, Not Active
2026/09/24 14:59:18.480, NVIDIA GeForce RTX 5070 Ti Laptop GPU, 100, 23, 579, 12227, 76, 119.87, [N/A], 2550, 11001, P2, Active, Not Active, Not Active
2026/09/24 14:59:19.491, NVIDIA GeForce RTX 5070 Ti Laptop GPU, 100, 23, 579, 12227, 76, 119.85, [N/A], 2550, 11001, P2, Active, Not Active, Not Active
2026/09/24 14:59:20.503, NVIDIA GeForce RTX 5070 Ti Laptop GPU, 100, 23, 579, 12227, 76, 119.88, [N/A], 2550, 11001, P2, Active, Not Active, Not Active
2026/09/24 14:59:21.516, NVIDIA GeForce RTX 5070 Ti Laptop GPU, 100, 23, 579, 12227, 76, 119.81, [N/A], 2550, 11001, P2, Active, Not Active, Not Active
2026/09/24 14:59:22.524, NVIDIA GeForce RTX 5070 Ti Laptop GPU, 100, 23, 579, 12227, 76, 119.76, [N/A], 2542, 11001, P2, Active, Not Active, Not Active
2026/09/24 14:59:23.526, NVIDIA GeForce RTX 5070 Ti Laptop GPU, 100, 23, 579, 12227, 77, 119.81, [N/A], 2542, 11001, P2, Active, Not Active, Not Active
2026/09/24 14:59:24.537, NVIDIA GeForce RTX 5070 Ti Laptop GPU, 100, 23, 579, 12227, 77, 119.72, [N/A], 2542, 11001, P2, Active, Not Active, Not Active
2026/09/24 14:59:25.552, NVIDIA GeForce RTX 5070 Ti Laptop GPU, 100, 23, 579, 12227, 77, 119.76, [N/A], 2542, 11001, P2, Active, Not Active, Not Active
2026/09/24 14:59:26.564, NVIDIA GeForce RTX 5070 Ti Laptop GPU, 100, 23, 579, 12227, 77, 119.77, [N/A], 2542, 11001, P2, Active, Not Active, Not Active
2026/09/24 14:59:27.575, NVIDIA GeForce RTX 5070 Ti Laptop GPU, 100, 23, 579, 12227, 77, 119.73, [N/A], 2542, 11001, P2, Active, Not Active, Not Active
2026/09/24 14:59:28.579, NVIDIA GeForce RTX 5070 Ti Laptop GPU, 100, 23, 579, 12227, 77, 119.80, [N/A], 2542, 11001, P2, Active, Not Active, Not Active
2026/09/24 14:59:29.591, NVIDIA GeForce RTX 5070 Ti Laptop GPU, 100, 23, 579, 12227, 77, 119.76, [N/A], 2542, 11001, P2, Active, Not Active, Not Active
2026/09/24 14:59:30.605, NVIDIA GeForce RTX 5070 Ti Laptop GPU, 100, 23, 579, 12227, 77, 119.70, [N/A], 2542, 11001, P2, Active, Not Active, Not Active
2026/09/24 14:59:31.615, NVIDIA GeForce RTX 5070 Ti Laptop GPU, 100, 23, 579, 12227, 78, 119.74, [N/A], 2542, 11001, P2, Active, Not Active, Not Active
2026/09/24 14:59:32.629, NVIDIA GeForce RTX 5070 Ti Laptop GPU, 100, 23, 579, 12227, 78, 119.74, [N/A], 2542, 11001, P2, Active, Not Active, Not Active
2026/09/24 14:59:33.642, NVIDIA GeForce RTX 5070 Ti Laptop GPU, 100, 23, 579, 12227, 78, 119.70, [N/A], 2542, 11001, P2, Active, Not Active, Not Active
2026/09/24 14:59:34.651, NVIDIA GeForce RTX 5070 Ti Laptop GPU, 100, 23, 579, 12227, 78, 119.75, [N/A], 2542, 11001, P2, Active, Not Active, Not Active
2026/09/24 14:59:35.657, NVIDIA GeForce RTX 5070 Ti Laptop GPU, 100, 23, 579, 12227, 78, 119.73, [N/A], 2542, 11001, P2, Active, Not Active, Not Active
2026/09/24 14:59:36.673, NVIDIA GeForce RTX 5070 Ti Laptop GPU, 100, 23, 579, 12227, 78, 119.79, [N/A], 2542, 11001, P2, Active, Not Active, Not Active
2026/09/24 14:59:37.684, NVIDIA GeForce RTX 5070 Ti Laptop GPU, 100, 23, 579, 12227, 78, 119.77, [N/A], 2542, 11001, P2, Active, Not Active, Not Active
2026/09/24 14:59:38.697, NVIDIA GeForce RTX 5070 Ti Laptop GPU, 100, 23, 579, 12227, 78, 119.71, [N/A], 2542, 11001, P2, Active, Not Active, Not Active
2026/09/24 14:59:39.709, NVIDIA GeForce RTX 5070 Ti Laptop GPU, 100, 23, 579, 12227, 78, 119.79, [N/A], 2542, 11001, P2, Active, Not Active, Not Active
2026/09/24 14:59:40.716, NVIDIA GeForce RTX 5070 Ti Laptop GPU, 100, 23, 579, 12227, 78, 119.88, [N/A], 2535, 11001, P2, Active, Not Active, Not Active
2026/09/24 14:59:41.721, NVIDIA GeForce RTX 5070 Ti Laptop GPU, 100, 23, 579, 12227, 78, 119.80, [N/A], 2535, 11001, P2, Active, Not Active, Not Active
2026/09/24 14:59:42.732, NVIDIA GeForce RTX 5070 Ti Laptop GPU, 100, 23, 579, 12227, 79, 119.84, [N/A], 2535, 11001, P2, Active, Not Active, Not Active
2026/09/24 14:59:43.739, NVIDIA GeForce RTX 5070 Ti Laptop GPU, 100, 23, 579, 12227, 79, 119.87, [N/A], 2535, 11001, P2, Active, Not Active, Not Active
2026/09/24 14:59:44.748, NVIDIA GeForce RTX 5070 Ti Laptop GPU, 100, 23, 579, 12227, 79, 119.90, [N/A], 2535, 11001, P2, Active, Not Active, Not Active
2026/09/24 14:59:45.763, NVIDIA GeForce RTX 5070 Ti Laptop GPU, 100, 23, 579, 12227, 79, 119.81, [N/A], 2535, 11001, P2, Active, Not Active, Not Active
2026/09/24 14:59:46.776, NVIDIA GeForce RTX 5070 Ti Laptop GPU, 100, 23, 579, 12227, 79, 119.89, [N/A], 2535, 11001, P2, Active, Not Active, Not Active
2026/09/24 14:59:47.783, NVIDIA GeForce RTX 5070 Ti Laptop GPU, 100, 23, 579, 12227, 79, 119.83, [N/A], 2535, 11001, P2, Active, Not Active, Not Active
2026/09/24 14:59:48.796, NVIDIA GeForce RTX 5070 Ti Laptop GPU, 100, 23, 579, 12227, 79, 119.87, [N/A], 2535, 11001, P2, Active, Not Active, Not Active
2026/09/24 14:59:49.809, NVIDIA GeForce RTX 5070 Ti Laptop GPU, 100, 23, 579, 12227, 79, 119.85, [N/A], 2535, 11001, P2, Active, Not Active, Not Active
2026/09/24 14:59:50.816, NVIDIA GeForce RTX 5070 Ti Laptop GPU, 100, 23, 579, 12227, 79, 119.86, [N/A], 2527, 11001, P2, Active, Not Active, Not Active
2026/09/24 14:59:51.824, NVIDIA GeForce RTX 5070 Ti Laptop GPU, 100, 23, 579, 12227, 79, 119.85, [N/A], 2535, 11001, P2, Active, Not Active, Not Active
2026/09/24 14:59:52.833, NVIDIA GeForce RTX 5070 Ti Laptop GPU, 100, 23, 579, 12227, 79, 119.87, [N/A], 2535, 11001, P2, Active, Not Active, Not Active
2026/09/24 14:59:53.835, NVIDIA GeForce RTX 5070 Ti Laptop GPU, 100, 23, 579, 12227, 79, 119.86, [N/A], 2527, 11001, P2, Active, Not Active, Not Active
2026/09/24 14:59:54.846, NVIDIA GeForce RTX 5070 Ti Laptop GPU, 100, 23, 579, 12227, 80, 119.88, [N/A], 2527, 11001, P2, Active, Not Active, Not Active
2026/09/24 14:59:55.855, NVIDIA GeForce RTX 5070 Ti Laptop GPU, 100, 23, 579, 12227, 80, 119.87, [N/A], 2527, 11001, P2, Active, Not Active, Not Active
2026/09/24 14:59:56.865, NVIDIA GeForce RTX 5070 Ti Laptop GPU, 100, 23, 579, 12227, 80, 119.89, [N/A], 2527, 11001, P2, Active, Not Active, Not Active
2026/09/24 14:59:57.874, NVIDIA GeForce RTX 5070 Ti Laptop GPU, 100, 23, 579, 12227, 80, 119.89, [N/A], 2527, 11001, P2, Active, Not Active, Not Active
2026/09/24 14:59:58.882, NVIDIA GeForce RTX 5070 Ti Laptop GPU, 1, 0, 579, 12227, 69, 66.10, [N/A], 345, 9001, P4, Not Active, Not Active, Not Active
2026/09/24 14:59:59.883, NVIDIA GeForce RTX 5070 Ti Laptop GPU, [Unknown Error], [Unknown Error], 0, 12227, 45, 1374.37, [N/A], 180, 405, P0, Active, Not Active, Not Active
2026/09/24 15:00:01.395, NVIDIA GeForce RTX 5070 Ti Laptop GPU, [Unknown Error], [Unknown Error], 0, 12227, 45, 1460.26, [N/A], 180, 405, P0, Active, Not Active, Not Active
2026/09/24 15:00:02.977, NVIDIA GeForce RTX 5070 Ti Laptop GPU, [Unknown Error], [Unknown Error], 0, 12227, 45, 1544.19, [N/A], 180, 405, P0, Active, Not Active, Not Active
2026/09/24 15:00:04.560, NVIDIA GeForce RTX 5070 Ti Laptop GPU, [Unknown Error], [Unknown Error], 0, 12227, 45, 1626.33, [N/A], 180, 405, P0, Active, Not Active, Not Active
2026/09/24 15:00:06.133, NVIDIA GeForce RTX 5070 Ti Laptop GPU, [Unknown Error], [Unknown Error], 0, 12227, 45, 1706.71, [N/A], 180, 405, P0, Active, Not Active, Not Active
2026/09/24 15:00:07.718, NVIDIA GeForce RTX 5070 Ti Laptop GPU, [Unknown Error], [Unknown Error], 0, 12227, 45, 1785.36, [N/A], 180, 405, P0, Active, Not Active, Not Active
2026/09/24 15:00:09.304, NVIDIA GeForce RTX 5070 Ti Laptop GPU, [Unknown Error], [Unknown Error], 0, 12227, 45, 1862.33, [N/A], 180, 405, P0, Active, Not Active, Not Active
